signal_name,timestamp_ms,value,message_id,message_name,unit,date,start_time
APPS1_Throttle,132,-21589.0,0x202,ECU_Throttle,,2026-02-13,03:15:09.359
APPS2_Throttle,132,9490.0,0x202,ECU_Throttle,,2026-02-13,03:15:09.359
APPS1_Throttle,132,-21589.0,0x202,ECU_Throttle,,2026-02-13,03:15:09.359
APPS2_Throttle,132,9490.0,0x202,ECU_Throttle,,2026-02-13,03:15:09.359
APPS1_Throttle,132,-21589.0,0x202,ECU_Throttle,,2026-02-13,03:15:09.359
APPS2_Throttle,132,9490.0,0x202,ECU_Throttle,,2026-02-13,03:15:09.359
APPS1_Throttle,19746,-21589.0,0x202,ECU_Throttle,,2026-02-13,03:15:09.359
APPS2_Throttle,19746,9490.0,0x202,ECU_Throttle,,2026-02-13,03:15:09.359
APPS1_Throttle,19746,-21589.0,0x202,ECU_Throttle,,2026-02-13,03:15:09.359
APPS2_Throttle,19746,9490.0,0x202,ECU_Throttle,,2026-02-13,03:15:09.359
APPS1_Throttle,19846,-21589.0,0x202,ECU_Throttle,,2026-02-13,03:15:09.359
APPS2_Throttle,19846,9490.0,0x202,ECU_Throttle,,2026-02-13,03:15:09.359
APPS1_Throttle,19946,-21589.0,0x202,ECU_Throttle,,2026-02-13,03:15:09.359
APPS2_Throttle,19946,9490.0,0x202,ECU_Throttle,,2026-02-13,03:15:09.359
APPS1_Throttle,20046,-21589.0,0x202,ECU_Throttle,,2026-02-13,03:15:09.359
APPS2_Throttle,20046,9490.0,0x202,ECU_Throttle,,2026-02-13,03:15:09.359
APPS1_Throttle,20146,-21589.0,0x202,ECU_Throttle,,2026-02-13,03:15:09.359
APPS2_Throttle,20146,9490.0,0x202,ECU_Throttle,,2026-02-13,03:15:09.359
APPS1_Throttle,20247,-21589.0,0x202,ECU_Throttle,,2026-02-13,03:15:09.359
APPS2_Throttle,20247,9490.0,0x202,ECU_Throttle,,2026-02-13,03:15:09.359
APPS1_Throttle,20346,-21589.0,0x202,ECU_Throttle,,2026-02-13,03:15:09.359
APPS2_Throttle,20346,9490.0,0x202,ECU_Throttle,,2026-02-13,03:15:09.359
APPS1_Throttle,20446,-21589.0,0x202,ECU_Throttle,,2026-02-13,03:15:09.359
APPS2_Throttle,20446,9490.0,0x202,ECU_Throttle,,2026-02-13,03:15:09.359
APPS1_Throttle,20546,-21589.0,0x202,ECU_Throttle,,2026-02-13,03:15:09.359
APPS2_Throttle,20546,9490.0,0x202,ECU_Throttle,,2026-02-13,03:15:09.359
InternalFault_Summary,20623,0.0,0x151,BMS_Faults,,2026-02-13,03:15:09.359
External_Fault,20623,0.0,0x151,BMS_Faults,,2026-02-13,03:15:09.359
Undervoltage_Fault,20623,0.0,0x151,BMS_Faults,,2026-02-13,03:15:09.359
Overvoltage_Fault,20623,0.0,0x151,BMS_Faults,,2026-02-13,03:15:09.359
Undertemperature_Fault,20623,0.0,0x151,BMS_Faults,,2026-02-13,03:15:09.359
Overtemperature_Fault,20623,0.0,0x151,BMS_Faults,,2026-02-13,03:15:09.359
Overcurrent_Fault,20623,0.0,0x151,BMS_Faults,,2026-02-13,03:15:09.359
Open_Wire_Fault,20623,0.0,0x151,BMS_Faults,,2026-02-13,03:15:09.359
Open_Wire_Temp_Fault,20623,0.0,0x151,BMS_Faults,,2026-02-13,03:15:09.359
Pec_Fault,20623,0.0,0x151,BMS_Faults,,2026-02-13,03:15:09.359
Total_PEC_Failures,20623,0.0,0x151,BMS_Faults,,2026-02-13,03:15:09.359
InternalFault_Summary,20623,0.0,0x151,BMS_Faults,,2026-02-13,03:15:09.359
External_Fault,20623,0.0,0x151,BMS_Faults,,2026-02-13,03:15:09.359
Undervoltage_Fault,20623,0.0,0x151,BMS_Faults,,2026-02-13,03:15:09.359
Overvoltage_Fault,20623,0.0,0x151,BMS_Faults,,2026-02-13,03:15:09.359
Undertemperature_Fault,20623,0.0,0x151,BMS_Faults,,2026-02-13,03:15:09.359
Overtemperature_Fault,20623,0.0,0x151,BMS_Faults,,2026-02-13,03:15:09.359
Overcurrent_Fault,20623,0.0,0x151,BMS_Faults,,2026-02-13,03:15:09.359
Open_Wire_Fault,20623,0.0,0x151,BMS_Faults,,2026-02-13,03:15:09.359
Open_Wire_Temp_Fault,20623,0.0,0x151,BMS_Faults,,2026-02-13,03:15:09.359
Pec_Fault,20623,0.0,0x151,BMS_Faults,,2026-02-13,03:15:09.359
Total_PEC_Failures,20623,0.0,0x151,BMS_Faults,,2026-02-13,03:15:09.359
APPS1_Throttle,20646,-21589.0,0x202,ECU_Throttle,,2026-02-13,03:15:09.359
APPS2_Throttle,20646,9490.0,0x202,ECU_Throttle,,2026-02-13,03:15:09.359
InternalFault_Summary,20723,0.0,0x151,BMS_Faults,,2026-02-13,03:15:09.359
External_Fault,20723,0.0,0x151,BMS_Faults,,2026-02-13,03:15:09.359
Undervoltage_Fault,20723,0.0,0x151,BMS_Faults,,2026-02-13,03:15:09.359
Overvoltage_Fault,20723,0.0,0x151,BMS_Faults,,2026-02-13,03:15:09.359
Undertemperature_Fault,20723,0.0,0x151,BMS_Faults,,2026-02-13,03:15:09.359
Overtemperature_Fault,20723,0.0,0x151,BMS_Faults,,2026-02-13,03:15:09.359
Overcurrent_Fault,20723,0.0,0x151,BMS_Faults,,2026-02-13,03:15:09.359
Open_Wire_Fault,20723,0.0,0x151,BMS_Faults,,2026-02-13,03:15:09.359
Open_Wire_Temp_Fault,20723,0.0,0x151,BMS_Faults,,2026-02-13,03:15:09.359
Pec_Fault,20723,0.0,0x151,BMS_Faults,,2026-02-13,03:15:09.359
Total_PEC_Failures,20723,0.0,0x151,BMS_Faults,,2026-02-13,03:15:09.359
APPS1_Throttle,20746,-21589.0,0x202,ECU_Throttle,,2026-02-13,03:15:09.359
APPS2_Throttle,20746,9490.0,0x202,ECU_Throttle,,2026-02-13,03:15:09.359
InternalFault_Summary,20823,0.0,0x151,BMS_Faults,,2026-02-13,03:15:09.359
External_Fault,20823,0.0,0x151,BMS_Faults,,2026-02-13,03:15:09.359
Undervoltage_Fault,20823,0.0,0x151,BMS_Faults,,2026-02-13,03:15:09.359
Overvoltage_Fault,20823,0.0,0x151,BMS_Faults,,2026-02-13,03:15:09.359
Undertemperature_Fault,20823,0.0,0x151,BMS_Faults,,2026-02-13,03:15:09.359
Overtemperature_Fault,20823,0.0,0x151,BMS_Faults,,2026-02-13,03:15:09.359
Overcurrent_Fault,20823,0.0,0x151,BMS_Faults,,2026-02-13,03:15:09.359
Open_Wire_Fault,20823,0.0,0x151,BMS_Faults,,2026-02-13,03:15:09.359
Open_Wire_Temp_Fault,20823,0.0,0x151,BMS_Faults,,2026-02-13,03:15:09.359
Pec_Fault,20823,0.0,0x151,BMS_Faults,,2026-02-13,03:15:09.359
Total_PEC_Failures,20823,0.0,0x151,BMS_Faults,,2026-02-13,03:15:09.359
APPS1_Throttle,20846,-21589.0,0x202,ECU_Throttle,,2026-02-13,03:15:09.359
APPS2_Throttle,20846,9490.0,0x202,ECU_Throttle,,2026-02-13,03:15:09.359
InternalFault_Summary,20923,0.0,0x151,BMS_Faults,,2026-02-13,03:15:09.359
External_Fault,20923,0.0,0x151,BMS_Faults,,2026-02-13,03:15:09.359
Undervoltage_Fault,20923,0.0,0x151,BMS_Faults,,2026-02-13,03:15:09.359
Overvoltage_Fault,20923,0.0,0x151,BMS_Faults,,2026-02-13,03:15:09.359
Undertemperature_Fault,20923,0.0,0x151,BMS_Faults,,2026-02-13,03:15:09.359
Overtemperature_Fault,20923,0.0,0x151,BMS_Faults,,2026-02-13,03:15:09.359
Overcurrent_Fault,20923,0.0,0x151,BMS_Faults,,2026-02-13,03:15:09.359
Open_Wire_Fault,20923,0.0,0x151,BMS_Faults,,2026-02-13,03:15:09.359
Open_Wire_Temp_Fault,20923,0.0,0x151,BMS_Faults,,2026-02-13,03:15:09.359
Pec_Fault,20923,0.0,0x151,BMS_Faults,,2026-02-13,03:15:09.359
Total_PEC_Failures,20923,0.0,0x151,BMS_Faults,,2026-02-13,03:15:09.359
APPS1_Throttle,20946,-21589.0,0x202,ECU_Throttle,,2026-02-13,03:15:09.359
APPS2_Throttle,20946,9490.0,0x202,ECU_Throttle,,2026-02-13,03:15:09.359
InternalFault_Summary,21023,0.0,0x151,BMS_Faults,,2026-02-13,03:15:09.359
External_Fault,21023,0.0,0x151,BMS_Faults,,2026-02-13,03:15:09.359
Undervoltage_Fault,21023,0.0,0x151,BMS_Faults,,2026-02-13,03:15:09.359
Overvoltage_Fault,21023,0.0,0x151,BMS_Faults,,2026-02-13,03:15:09.359
Undertemperature_Fault,21023,0.0,0x151,BMS_Faults,,2026-02-13,03:15:09.359
Overtemperature_Fault,21023,0.0,0x151,BMS_Faults,,2026-02-13,03:15:09.359
Overcurrent_Fault,21023,0.0,0x151,BMS_Faults,,2026-02-13,03:15:09.359
Open_Wire_Fault,21023,0.0,0x151,BMS_Faults,,2026-02-13,03:15:09.359
Open_Wire_Temp_Fault,21023,0.0,0x151,BMS_Faults,,2026-02-13,03:15:09.359
Pec_Fault,21023,0.0,0x151,BMS_Faults,,2026-02-13,03:15:09.359
Total_PEC_Failures,21023,0.0,0x151,BMS_Faults,,2026-02-13,03:15:09.359
APPS1_Throttle,21046,-21589.0,0x202,ECU_Throttle,,2026-02-13,03:15:09.359
APPS2_Throttle,21046,9490.0,0x202,ECU_Throttle,,2026-02-13,03:15:09.359
InternalFault_Summary,21123,0.0,0x151,BMS_Faults,,2026-02-13,03:15:09.359
External_Fault,21123,0.0,0x151,BMS_Faults,,2026-02-13,03:15:09.359
Undervoltage_Fault,21123,0.0,0x151,BMS_Faults,,2026-02-13,03:15:09.359
Overvoltage_Fault,21123,0.0,0x151,BMS_Faults,,2026-02-13,03:15:09.359
Undertemperature_Fault,21123,0.0,0x151,BMS_Faults,,2026-02-13,03:15:09.359
Overtemperature_Fault,21123,0.0,0x151,BMS_Faults,,2026-02-13,03:15:09.359
Overcurrent_Fault,21123,0.0,0x151,BMS_Faults,,2026-02-13,03:15:09.359
Open_Wire_Fault,21123,0.0,0x151,BMS_Faults,,2026-02-13,03:15:09.359
Open_Wire_Temp_Fault,21123,0.0,0x151,BMS_Faults,,2026-02-13,03:15:09.359
Pec_Fault,21123,0.0,0x151,BMS_Faults,,2026-02-13,03:15:09.359
Total_PEC_Failures,21123,0.0,0x151,BMS_Faults,,2026-02-13,03:15:09.359
APPS1_Throttle,21146,-21589.0,0x202,ECU_Throttle,,2026-02-13,03:15:09.359
APPS2_Throttle,21146,9490.0,0x202,ECU_Throttle,,2026-02-13,03:15:09.359
InternalFault_Summary,21223,0.0,0x151,BMS_Faults,,2026-02-13,03:15:09.359
External_Fault,21223,0.0,0x151,BMS_Faults,,2026-02-13,03:15:09.359
Undervoltage_Fault,21223,0.0,0x151,BMS_Faults,,2026-02-13,03:15:09.359
Overvoltage_Fault,21223,0.0,0x151,BMS_Faults,,2026-02-13,03:15:09.359
Undertemperature_Fault,21223,0.0,0x151,BMS_Faults,,2026-02-13,03:15:09.359
Overtemperature_Fault,21223,0.0,0x151,BMS_Faults,,2026-02-13,03:15:09.359
Overcurrent_Fault,21223,0.0,0x151,BMS_Faults,,2026-02-13,03:15:09.359
Open_Wire_Fault,21223,0.0,0x151,BMS_Faults,,2026-02-13,03:15:09.359
Open_Wire_Temp_Fault,21223,0.0,0x151,BMS_Faults,,2026-02-13,03:15:09.359
Pec_Fault,21223,0.0,0x151,BMS_Faults,,2026-02-13,03:15:09.359
Total_PEC_Failures,21223,0.0,0x151,BMS_Faults,,2026-02-13,03:15:09.359
APPS1_Throttle,21246,-21589.0,0x202,ECU_Throttle,,2026-02-13,03:15:09.359
APPS2_Throttle,21246,9490.0,0x202,ECU_Throttle,,2026-02-13,03:15:09.359
RPM,21304,0.0,0x281,Rear_Inverter_Motor_Status,RPM,2026-02-13,03:15:09.359
Motor_Current,21304,0.0,0x281,Rear_Inverter_Motor_Status,A,2026-02-13,03:15:09.359
DC_Voltage,21304,0.0,0x281,Rear_Inverter_Motor_Status,V,2026-02-13,03:15:09.359
DC_Current,21304,0.0,0x281,Rear_Inverter_Motor_Status,A,2026-02-13,03:15:09.359
RPM,21304,0.0,0x281,Rear_Inverter_Motor_Status,RPM,2026-02-13,03:15:09.359
Motor_Current,21304,0.0,0x281,Rear_Inverter_Motor_Status,A,2026-02-13,03:15:09.359
DC_Voltage,21304,0.0,0x281,Rear_Inverter_Motor_Status,V,2026-02-13,03:15:09.359
DC_Current,21304,0.0,0x281,Rear_Inverter_Motor_Status,A,2026-02-13,03:15:09.359
InternalFault_Summary,21323,0.0,0x151,BMS_Faults,,2026-02-13,03:15:09.359
External_Fault,21323,0.0,0x151,BMS_Faults,,2026-02-13,03:15:09.359
Undervoltage_Fault,21323,0.0,0x151,BMS_Faults,,2026-02-13,03:15:09.359
Overvoltage_Fault,21323,0.0,0x151,BMS_Faults,,2026-02-13,03:15:09.359
Undertemperature_Fault,21323,0.0,0x151,BMS_Faults,,2026-02-13,03:15:09.359
Overtemperature_Fault,21323,0.0,0x151,BMS_Faults,,2026-02-13,03:15:09.359
Overcurrent_Fault,21323,0.0,0x151,BMS_Faults,,2026-02-13,03:15:09.359
Open_Wire_Fault,21323,0.0,0x151,BMS_Faults,,2026-02-13,03:15:09.359
Open_Wire_Temp_Fault,21323,0.0,0x151,BMS_Faults,,2026-02-13,03:15:09.359
Pec_Fault,21323,0.0,0x151,BMS_Faults,,2026-02-13,03:15:09.359
Total_PEC_Failures,21323,0.0,0x151,BMS_Faults,,2026-02-13,03:15:09.359
APPS1_Throttle,21346,-21589.0,0x202,ECU_Throttle,,2026-02-13,03:15:09.359
APPS2_Throttle,21346,9490.0,0x202,ECU_Throttle,,2026-02-13,03:15:09.359
RPM,21404,0.0,0x281,Rear_Inverter_Motor_Status,RPM,2026-02-13,03:15:09.359
Motor_Current,21404,0.0,0x281,Rear_Inverter_Motor_Status,A,2026-02-13,03:15:09.359
DC_Voltage,21404,0.0,0x281,Rear_Inverter_Motor_Status,V,2026-02-13,03:15:09.359
DC_Current,21404,0.0,0x281,Rear_Inverter_Motor_Status,A,2026-02-13,03:15:09.359
InternalFault_Summary,21423,0.0,0x151,BMS_Faults,,2026-02-13,03:15:09.359
External_Fault,21423,0.0,0x151,BMS_Faults,,2026-02-13,03:15:09.359
Undervoltage_Fault,21423,0.0,0x151,BMS_Faults,,2026-02-13,03:15:09.359
Overvoltage_Fault,21423,0.0,0x151,BMS_Faults,,2026-02-13,03:15:09.359
Undertemperature_Fault,21423,0.0,0x151,BMS_Faults,,2026-02-13,03:15:09.359
Overtemperature_Fault,21423,0.0,0x151,BMS_Faults,,2026-02-13,03:15:09.359
Overcurrent_Fault,21423,0.0,0x151,BMS_Faults,,2026-02-13,03:15:09.359
Open_Wire_Fault,21423,0.0,0x151,BMS_Faults,,2026-02-13,03:15:09.359
Open_Wire_Temp_Fault,21423,0.0,0x151,BMS_Faults,,2026-02-13,03:15:09.359
Pec_Fault,21423,0.0,0x151,BMS_Faults,,2026-02-13,03:15:09.359
Total_PEC_Failures,21423,0.0,0x151,BMS_Faults,,2026-02-13,03:15:09.359
APPS1_Throttle,21446,-21589.0,0x202,ECU_Throttle,,2026-02-13,03:15:09.359
APPS2_Throttle,21446,9490.0,0x202,ECU_Throttle,,2026-02-13,03:15:09.359
RPM,21504,0.0,0x281,Rear_Inverter_Motor_Status,RPM,2026-02-13,03:15:09.359
Motor_Current,21504,0.0,0x281,Rear_Inverter_Motor_Status,A,2026-02-13,03:15:09.359
DC_Voltage,21504,0.0,0x281,Rear_Inverter_Motor_Status,V,2026-02-13,03:15:09.359
DC_Current,21504,0.0,0x281,Rear_Inverter_Motor_Status,A,2026-02-13,03:15:09.359
InternalFault_Summary,21523,0.0,0x151,BMS_Faults,,2026-02-13,03:15:09.359
External_Fault,21523,0.0,0x151,BMS_Faults,,2026-02-13,03:15:09.359
Undervoltage_Fault,21523,0.0,0x151,BMS_Faults,,2026-02-13,03:15:09.359
Overvoltage_Fault,21523,0.0,0x151,BMS_Faults,,2026-02-13,03:15:09.359
Undertemperature_Fault,21523,0.0,0x151,BMS_Faults,,2026-02-13,03:15:09.359
Overtemperature_Fault,21523,0.0,0x151,BMS_Faults,,2026-02-13,03:15:09.359
Overcurrent_Fault,21523,0.0,0x151,BMS_Faults,,2026-02-13,03:15:09.359
Open_Wire_Fault,21523,0.0,0x151,BMS_Faults,,2026-02-13,03:15:09.359
Open_Wire_Temp_Fault,21523,0.0,0x151,BMS_Faults,,2026-02-13,03:15:09.359
Pec_Fault,21523,0.0,0x151,BMS_Faults,,2026-02-13,03:15:09.359
Total_PEC_Failures,21523,0.0,0x151,BMS_Faults,,2026-02-13,03:15:09.359
APPS1_Throttle,21546,-21589.0,0x202,ECU_Throttle,,2026-02-13,03:15:09.359
APPS2_Throttle,21546,9490.0,0x202,ECU_Throttle,,2026-02-13,03:15:09.359
RPM,21605,0.0,0x281,Rear_Inverter_Motor_Status,RPM,2026-02-13,03:15:09.359
Motor_Current,21605,0.0,0x281,Rear_Inverter_Motor_Status,A,2026-02-13,03:15:09.359
DC_Voltage,21605,0.0,0x281,Rear_Inverter_Motor_Status,V,2026-02-13,03:15:09.359
DC_Current,21605,0.0,0x281,Rear_Inverter_Motor_Status,A,2026-02-13,03:15:09.359
InternalFault_Summary,21623,0.0,0x151,BMS_Faults,,2026-02-13,03:15:09.359
External_Fault,21623,0.0,0x151,BMS_Faults,,2026-02-13,03:15:09.359
Undervoltage_Fault,21623,0.0,0x151,BMS_Faults,,2026-02-13,03:15:09.359
Overvoltage_Fault,21623,0.0,0x151,BMS_Faults,,2026-02-13,03:15:09.359
Undertemperature_Fault,21623,0.0,0x151,BMS_Faults,,2026-02-13,03:15:09.359
Overtemperature_Fault,21623,0.0,0x151,BMS_Faults,,2026-02-13,03:15:09.359
Overcurrent_Fault,21623,0.0,0x151,BMS_Faults,,2026-02-13,03:15:09.359
Open_Wire_Fault,21623,0.0,0x151,BMS_Faults,,2026-02-13,03:15:09.359
Open_Wire_Temp_Fault,21623,0.0,0x151,BMS_Faults,,2026-02-13,03:15:09.359
Pec_Fault,21623,0.0,0x151,BMS_Faults,,2026-02-13,03:15:09.359
Total_PEC_Failures,21623,0.0,0x151,BMS_Faults,,2026-02-13,03:15:09.359
APPS1_Throttle,21646,-21589.0,0x202,ECU_Throttle,,2026-02-13,03:15:09.359
APPS2_Throttle,21646,9490.0,0x202,ECU_Throttle,,2026-02-13,03:15:09.359
RPM,21704,0.0,0x281,Rear_Inverter_Motor_Status,RPM,2026-02-13,03:15:09.359
Motor_Current,21704,0.0,0x281,Rear_Inverter_Motor_Status,A,2026-02-13,03:15:09.359
DC_Voltage,21704,0.0,0x281,Rear_Inverter_Motor_Status,V,2026-02-13,03:15:09.359
DC_Current,21704,0.0,0x281,Rear_Inverter_Motor_Status,A,2026-02-13,03:15:09.359
InternalFault_Summary,21723,0.0,0x151,BMS_Faults,,2026-02-13,03:15:09.359
External_Fault,21723,0.0,0x151,BMS_Faults,,2026-02-13,03:15:09.359
Undervoltage_Fault,21723,0.0,0x151,BMS_Faults,,2026-02-13,03:15:09.359
Overvoltage_Fault,21723,0.0,0x151,BMS_Faults,,2026-02-13,03:15:09.359
Undertemperature_Fault,21723,0.0,0x151,BMS_Faults,,2026-02-13,03:15:09.359
Overtemperature_Fault,21723,0.0,0x151,BMS_Faults,,2026-02-13,03:15:09.359
Overcurrent_Fault,21723,0.0,0x151,BMS_Faults,,2026-02-13,03:15:09.359
Open_Wire_Fault,21723,0.0,0x151,BMS_Faults,,2026-02-13,03:15:09.359
Open_Wire_Temp_Fault,21723,0.0,0x151,BMS_Faults,,2026-02-13,03:15:09.359
Pec_Fault,21723,0.0,0x151,BMS_Faults,,2026-02-13,03:15:09.359
Total_PEC_Failures,21723,0.0,0x151,BMS_Faults,,2026-02-13,03:15:09.359
APPS1_Throttle,21746,-21589.0,0x202,ECU_Throttle,,2026-02-13,03:15:09.359
APPS2_Throttle,21746,9490.0,0x202,ECU_Throttle,,2026-02-13,03:15:09.359
RPM,21804,0.0,0x281,Rear_Inverter_Motor_Status,RPM,2026-02-13,03:15:09.359
Motor_Current,21804,0.0,0x281,Rear_Inverter_Motor_Status,A,2026-02-13,03:15:09.359
DC_Voltage,21804,0.0,0x281,Rear_Inverter_Motor_Status,V,2026-02-13,03:15:09.359
DC_Current,21804,0.0,0x281,Rear_Inverter_Motor_Status,A,2026-02-13,03:15:09.359
InternalFault_Summary,21823,0.0,0x151,BMS_Faults,,2026-02-13,03:15:09.359
External_Fault,21823,0.0,0x151,BMS_Faults,,2026-02-13,03:15:09.359
Undervoltage_Fault,21823,0.0,0x151,BMS_Faults,,2026-02-13,03:15:09.359
Overvoltage_Fault,21823,0.0,0x151,BMS_Faults,,2026-02-13,03:15:09.359
Undertemperature_Fault,21823,0.0,0x151,BMS_Faults,,2026-02-13,03:15:09.359
Overtemperature_Fault,21823,0.0,0x151,BMS_Faults,,2026-02-13,03:15:09.359
Overcurrent_Fault,21823,0.0,0x151,BMS_Faults,,2026-02-13,03:15:09.359
Open_Wire_Fault,21823,0.0,0x151,BMS_Faults,,2026-02-13,03:15:09.359
Open_Wire_Temp_Fault,21823,0.0,0x151,BMS_Faults,,2026-02-13,03:15:09.359
Pec_Fault,21823,0.0,0x151,BMS_Faults,,2026-02-13,03:15:09.359
Total_PEC_Failures,21823,0.0,0x151,BMS_Faults,,2026-02-13,03:15:09.359
APPS1_Throttle,21846,-21589.0,0x202,ECU_Throttle,,2026-02-13,03:15:09.359
APPS2_Throttle,21846,9490.0,0x202,ECU_Throttle,,2026-02-13,03:15:09.359
RPM,21904,0.0,0x281,Rear_Inverter_Motor_Status,RPM,2026-02-13,03:15:09.359
Motor_Current,21904,0.0,0x281,Rear_Inverter_Motor_Status,A,2026-02-13,03:15:09.359
DC_Voltage,21904,0.0,0x281,Rear_Inverter_Motor_Status,V,2026-02-13,03:15:09.359
DC_Current,21904,0.0,0x281,Rear_Inverter_Motor_Status,A,2026-02-13,03:15:09.359
InternalFault_Summary,21923,0.0,0x151,BMS_Faults,,2026-02-13,03:15:09.359
External_Fault,21923,0.0,0x151,BMS_Faults,,2026-02-13,03:15:09.359
Undervoltage_Fault,21923,0.0,0x151,BMS_Faults,,2026-02-13,03:15:09.359
Overvoltage_Fault,21923,0.0,0x151,BMS_Faults,,2026-02-13,03:15:09.359
Undertemperature_Fault,21923,0.0,0x151,BMS_Faults,,2026-02-13,03:15:09.359
Overtemperature_Fault,21923,0.0,0x151,BMS_Faults,,2026-02-13,03:15:09.359
Overcurrent_Fault,21923,0.0,0x151,BMS_Faults,,2026-02-13,03:15:09.359
Open_Wire_Fault,21923,0.0,0x151,BMS_Faults,,2026-02-13,03:15:09.359
Open_Wire_Temp_Fault,21923,0.0,0x151,BMS_Faults,,2026-02-13,03:15:09.359
Pec_Fault,21923,0.0,0x151,BMS_Faults,,2026-02-13,03:15:09.359
Total_PEC_Failures,21923,0.0,0x151,BMS_Faults,,2026-02-13,03:15:09.359
Gen_Amps,21923,0.0,0x2A1,PDM_Current,A,2026-02-13,03:15:09.359
Front_Fan_Amps,21923,0.0,0x2A1,PDM_Current,A,2026-02-13,03:15:09.359
Rear_Fan_Amps,21923,0.0,0x2A1,PDM_Current,A,2026-02-13,03:15:09.359
Front_Pump_Amps,21923,0.0,0x2A1,PDM_Current,A,2026-02-13,03:15:09.359
Rear_Pump_Amps,21923,0.0,0x2A1,PDM_Current,A,2026-02-13,03:15:09.359
Gen_Amps,21923,0.0,0x2A1,PDM_Current,A,2026-02-13,03:15:09.359
Front_Fan_Amps,21923,0.0,0x2A1,PDM_Current,A,2026-02-13,03:15:09.359
Rear_Fan_Amps,21923,0.0,0x2A1,PDM_Current,A,2026-02-13,03:15:09.359
Front_Pump_Amps,21923,0.0,0x2A1,PDM_Current,A,2026-02-13,03:15:09.359
Rear_Pump_Amps,21923,0.0,0x2A1,PDM_Current,A,2026-02-13,03:15:09.359
APPS1_Throttle,21946,-21589.0,0x202,ECU_Throttle,,2026-02-13,03:15:09.359
APPS2_Throttle,21946,9490.0,0x202,ECU_Throttle,,2026-02-13,03:15:09.359
RPM,22004,0.0,0x281,Rear_Inverter_Motor_Status,RPM,2026-02-13,03:15:09.359
Motor_Current,22004,0.0,0x281,Rear_Inverter_Motor_Status,A,2026-02-13,03:15:09.359
DC_Voltage,22004,0.0,0x281,Rear_Inverter_Motor_Status,V,2026-02-13,03:15:09.359
DC_Current,22004,0.0,0x281,Rear_Inverter_Motor_Status,A,2026-02-13,03:15:09.359
InternalFault_Summary,22023,0.0,0x151,BMS_Faults,,2026-02-13,03:15:09.359
External_Fault,22023,0.0,0x151,BMS_Faults,,2026-02-13,03:15:09.359
Undervoltage_Fault,22023,0.0,0x151,BMS_Faults,,2026-02-13,03:15:09.359
Overvoltage_Fault,22023,0.0,0x151,BMS_Faults,,2026-02-13,03:15:09.359
Undertemperature_Fault,22023,0.0,0x151,BMS_Faults,,2026-02-13,03:15:09.359
Overtemperature_Fault,22023,0.0,0x151,BMS_Faults,,2026-02-13,03:15:09.359
Overcurrent_Fault,22023,0.0,0x151,BMS_Faults,,2026-02-13,03:15:09.359
Open_Wire_Fault,22023,0.0,0x151,BMS_Faults,,2026-02-13,03:15:09.359
Open_Wire_Temp_Fault,22023,0.0,0x151,BMS_Faults,,2026-02-13,03:15:09.359
Pec_Fault,22023,0.0,0x151,BMS_Faults,,2026-02-13,03:15:09.359
Total_PEC_Failures,22023,0.0,0x151,BMS_Faults,,2026-02-13,03:15:09.359
APPS1_Throttle,22046,-21589.0,0x202,ECU_Throttle,,2026-02-13,03:15:09.359
APPS2_Throttle,22046,9490.0,0x202,ECU_Throttle,,2026-02-13,03:15:09.359
RPM,22104,0.0,0x281,Rear_Inverter_Motor_Status,RPM,2026-02-13,03:15:09.359
Motor_Current,22104,0.0,0x281,Rear_Inverter_Motor_Status,A,2026-02-13,03:15:09.359
DC_Voltage,22104,0.0,0x281,Rear_Inverter_Motor_Status,V,2026-02-13,03:15:09.359
DC_Current,22104,0.0,0x281,Rear_Inverter_Motor_Status,A,2026-02-13,03:15:09.359
InternalFault_Summary,22123,0.0,0x151,BMS_Faults,,2026-02-13,03:15:09.359
External_Fault,22123,0.0,0x151,BMS_Faults,,2026-02-13,03:15:09.359
Undervoltage_Fault,22123,0.0,0x151,BMS_Faults,,2026-02-13,03:15:09.359
Overvoltage_Fault,22123,0.0,0x151,BMS_Faults,,2026-02-13,03:15:09.359
Undertemperature_Fault,22123,0.0,0x151,BMS_Faults,,2026-02-13,03:15:09.359
Overtemperature_Fault,22123,0.0,0x151,BMS_Faults,,2026-02-13,03:15:09.359
Overcurrent_Fault,22123,0.0,0x151,BMS_Faults,,2026-02-13,03:15:09.359
Open_Wire_Fault,22123,0.0,0x151,BMS_Faults,,2026-02-13,03:15:09.359
Open_Wire_Temp_Fault,22123,0.0,0x151,BMS_Faults,,2026-02-13,03:15:09.359
Pec_Fault,22123,0.0,0x151,BMS_Faults,,2026-02-13,03:15:09.359
Total_PEC_Failures,22123,0.0,0x151,BMS_Faults,,2026-02-13,03:15:09.359
APPS1_Throttle,22146,-21589.0,0x202,ECU_Throttle,,2026-02-13,03:15:09.359
APPS2_Throttle,22146,9490.0,0x202,ECU_Throttle,,2026-02-13,03:15:09.359
RPM,22204,0.0,0x281,Rear_Inverter_Motor_Status,RPM,2026-02-13,03:15:09.359
Motor_Current,22204,0.0,0x281,Rear_Inverter_Motor_Status,A,2026-02-13,03:15:09.359
DC_Voltage,22204,0.0,0x281,Rear_Inverter_Motor_Status,V,2026-02-13,03:15:09.359
DC_Current,22204,0.0,0x281,Rear_Inverter_Motor_Status,A,2026-02-13,03:15:09.359
InternalFault_Summary,22223,0.0,0x151,BMS_Faults,,2026-02-13,03:15:09.359
External_Fault,22223,0.0,0x151,BMS_Faults,,2026-02-13,03:15:09.359
Undervoltage_Fault,22223,0.0,0x151,BMS_Faults,,2026-02-13,03:15:09.359
Overvoltage_Fault,22223,0.0,0x151,BMS_Faults,,2026-02-13,03:15:09.359
Undertemperature_Fault,22223,0.0,0x151,BMS_Faults,,2026-02-13,03:15:09.359
Overtemperature_Fault,22223,0.0,0x151,BMS_Faults,,2026-02-13,03:15:09.359
Overcurrent_Fault,22223,0.0,0x151,BMS_Faults,,2026-02-13,03:15:09.359
Open_Wire_Fault,22223,0.0,0x151,BMS_Faults,,2026-02-13,03:15:09.359
Open_Wire_Temp_Fault,22223,0.0,0x151,BMS_Faults,,2026-02-13,03:15:09.359
Pec_Fault,22223,0.0,0x151,BMS_Faults,,2026-02-13,03:15:09.359
Total_PEC_Failures,22223,0.0,0x151,BMS_Faults,,2026-02-13,03:15:09.359
APPS1_Throttle,22246,-21589.0,0x202,ECU_Throttle,,2026-02-13,03:15:09.359
APPS2_Throttle,22246,9490.0,0x202,ECU_Throttle,,2026-02-13,03:15:09.359
RPM,22304,0.0,0x281,Rear_Inverter_Motor_Status,RPM,2026-02-13,03:15:09.359
Motor_Current,22304,0.0,0x281,Rear_Inverter_Motor_Status,A,2026-02-13,03:15:09.359
DC_Voltage,22304,0.0,0x281,Rear_Inverter_Motor_Status,V,2026-02-13,03:15:09.359
DC_Current,22304,0.0,0x281,Rear_Inverter_Motor_Status,A,2026-02-13,03:15:09.359
InternalFault_Summary,22323,0.0,0x151,BMS_Faults,,2026-02-13,03:15:09.359
External_Fault,22323,0.0,0x151,BMS_Faults,,2026-02-13,03:15:09.359
Undervoltage_Fault,22323,0.0,0x151,BMS_Faults,,2026-02-13,03:15:09.359
Overvoltage_Fault,22323,0.0,0x151,BMS_Faults,,2026-02-13,03:15:09.359
Undertemperature_Fault,22323,0.0,0x151,BMS_Faults,,2026-02-13,03:15:09.359
Overtemperature_Fault,22323,0.0,0x151,BMS_Faults,,2026-02-13,03:15:09.359
Overcurrent_Fault,22323,0.0,0x151,BMS_Faults,,2026-02-13,03:15:09.359
Open_Wire_Fault,22323,0.0,0x151,BMS_Faults,,2026-02-13,03:15:09.359
Open_Wire_Temp_Fault,22323,0.0,0x151,BMS_Faults,,2026-02-13,03:15:09.359
Pec_Fault,22323,0.0,0x151,BMS_Faults,,2026-02-13,03:15:09.359
Total_PEC_Failures,22323,0.0,0x151,BMS_Faults,,2026-02-13,03:15:09.359
APPS1_Throttle,22346,-21589.0,0x202,ECU_Throttle,,2026-02-13,03:15:09.359
APPS2_Throttle,22346,9490.0,0x202,ECU_Throttle,,2026-02-13,03:15:09.359
RPM,22404,0.0,0x281,Rear_Inverter_Motor_Status,RPM,2026-02-13,03:15:09.359
Motor_Current,22404,0.0,0x281,Rear_Inverter_Motor_Status,A,2026-02-13,03:15:09.359
DC_Voltage,22404,0.0,0x281,Rear_Inverter_Motor_Status,V,2026-02-13,03:15:09.359
DC_Current,22404,0.0,0x281,Rear_Inverter_Motor_Status,A,2026-02-13,03:15:09.359
InternalFault_Summary,22423,0.0,0x151,BMS_Faults,,2026-02-13,03:15:09.359
External_Fault,22423,0.0,0x151,BMS_Faults,,2026-02-13,03:15:09.359
Undervoltage_Fault,22423,0.0,0x151,BMS_Faults,,2026-02-13,03:15:09.359
Overvoltage_Fault,22423,0.0,0x151,BMS_Faults,,2026-02-13,03:15:09.359
Undertemperature_Fault,22423,0.0,0x151,BMS_Faults,,2026-02-13,03:15:09.359
Overtemperature_Fault,22423,0.0,0x151,BMS_Faults,,2026-02-13,03:15:09.359
Overcurrent_Fault,22423,0.0,0x151,BMS_Faults,,2026-02-13,03:15:09.359
Open_Wire_Fault,22423,0.0,0x151,BMS_Faults,,2026-02-13,03:15:09.359
Open_Wire_Temp_Fault,22423,0.0,0x151,BMS_Faults,,2026-02-13,03:15:09.359
Pec_Fault,22423,0.0,0x151,BMS_Faults,,2026-02-13,03:15:09.359
Total_PEC_Failures,22423,0.0,0x151,BMS_Faults,,2026-02-13,03:15:09.359
Gen_Amps,22423,0.0,0x2A1,PDM_Current,A,2026-02-13,03:15:09.359
Front_Fan_Amps,22423,0.0,0x2A1,PDM_Current,A,2026-02-13,03:15:09.359
Rear_Fan_Amps,22423,0.0,0x2A1,PDM_Current,A,2026-02-13,03:15:09.359
Front_Pump_Amps,22423,0.0,0x2A1,PDM_Current,A,2026-02-13,03:15:09.359
Rear_Pump_Amps,22423,0.0,0x2A1,PDM_Current,A,2026-02-13,03:15:09.359
APPS1_Throttle,22446,-21589.0,0x202,ECU_Throttle,,2026-02-13,03:15:09.359
APPS2_Throttle,22446,9490.0,0x202,ECU_Throttle,,2026-02-13,03:15:09.359
RPM,22504,0.0,0x281,Rear_Inverter_Motor_Status,RPM,2026-02-13,03:15:09.359
Motor_Current,22504,0.0,0x281,Rear_Inverter_Motor_Status,A,2026-02-13,03:15:09.359
DC_Voltage,22504,0.0,0x281,Rear_Inverter_Motor_Status,V,2026-02-13,03:15:09.359
DC_Current,22504,0.0,0x281,Rear_Inverter_Motor_Status,A,2026-02-13,03:15:09.359
InternalFault_Summary,22523,0.0,0x151,BMS_Faults,,2026-02-13,03:15:09.359
External_Fault,22523,0.0,0x151,BMS_Faults,,2026-02-13,03:15:09.359
Undervoltage_Fault,22523,0.0,0x151,BMS_Faults,,2026-02-13,03:15:09.359
Overvoltage_Fault,22523,0.0,0x151,BMS_Faults,,2026-02-13,03:15:09.359
Undertemperature_Fault,22523,0.0,0x151,BMS_Faults,,2026-02-13,03:15:09.359
Overtemperature_Fault,22523,0.0,0x151,BMS_Faults,,2026-02-13,03:15:09.359
Overcurrent_Fault,22523,0.0,0x151,BMS_Faults,,2026-02-13,03:15:09.359
Open_Wire_Fault,22523,0.0,0x151,BMS_Faults,,2026-02-13,03:15:09.359
Open_Wire_Temp_Fault,22523,0.0,0x151,BMS_Faults,,2026-02-13,03:15:09.359
Pec_Fault,22523,0.0,0x151,BMS_Faults,,2026-02-13,03:15:09.359
Total_PEC_Failures,22523,0.0,0x151,BMS_Faults,,2026-02-13,03:15:09.359
APPS1_Throttle,22546,-21589.0,0x202,ECU_Throttle,,2026-02-13,03:15:09.359
APPS2_Throttle,22546,9490.0,0x202,ECU_Throttle,,2026-02-13,03:15:09.359
RPM,22607,0.0,0x281,Rear_Inverter_Motor_Status,RPM,2026-02-13,03:15:09.359
Motor_Current,22607,0.0,0x281,Rear_Inverter_Motor_Status,A,2026-02-13,03:15:09.359
DC_Voltage,22607,0.0,0x281,Rear_Inverter_Motor_Status,V,2026-02-13,03:15:09.359
DC_Current,22607,0.0,0x281,Rear_Inverter_Motor_Status,A,2026-02-13,03:15:09.359
InternalFault_Summary,22623,0.0,0x151,BMS_Faults,,2026-02-13,03:15:09.359
External_Fault,22623,0.0,0x151,BMS_Faults,,2026-02-13,03:15:09.359
Undervoltage_Fault,22623,0.0,0x151,BMS_Faults,,2026-02-13,03:15:09.359
Overvoltage_Fault,22623,0.0,0x151,BMS_Faults,,2026-02-13,03:15:09.359
Undertemperature_Fault,22623,0.0,0x151,BMS_Faults,,2026-02-13,03:15:09.359
Overtemperature_Fault,22623,0.0,0x151,BMS_Faults,,2026-02-13,03:15:09.359
Overcurrent_Fault,22623,0.0,0x151,BMS_Faults,,2026-02-13,03:15:09.359
Open_Wire_Fault,22623,0.0,0x151,BMS_Faults,,2026-02-13,03:15:09.359
Open_Wire_Temp_Fault,22623,0.0,0x151,BMS_Faults,,2026-02-13,03:15:09.359
Pec_Fault,22623,0.0,0x151,BMS_Faults,,2026-02-13,03:15:09.359
Total_PEC_Failures,22623,0.0,0x151,BMS_Faults,,2026-02-13,03:15:09.359
APPS1_Throttle,22646,-21589.0,0x202,ECU_Throttle,,2026-02-13,03:15:09.359
APPS2_Throttle,22646,9490.0,0x202,ECU_Throttle,,2026-02-13,03:15:09.359
RPM,22704,0.0,0x281,Rear_Inverter_Motor_Status,RPM,2026-02-13,03:15:09.359
Motor_Current,22704,0.0,0x281,Rear_Inverter_Motor_Status,A,2026-02-13,03:15:09.359
DC_Voltage,22704,0.0,0x281,Rear_Inverter_Motor_Status,V,2026-02-13,03:15:09.359
DC_Current,22704,0.0,0x281,Rear_Inverter_Motor_Status,A,2026-02-13,03:15:09.359
InternalFault_Summary,22723,0.0,0x151,BMS_Faults,,2026-02-13,03:15:09.359
External_Fault,22723,0.0,0x151,BMS_Faults,,2026-02-13,03:15:09.359
Undervoltage_Fault,22723,0.0,0x151,BMS_Faults,,2026-02-13,03:15:09.359
Overvoltage_Fault,22723,0.0,0x151,BMS_Faults,,2026-02-13,03:15:09.359
Undertemperature_Fault,22723,0.0,0x151,BMS_Faults,,2026-02-13,03:15:09.359
Overtemperature_Fault,22723,0.0,0x151,BMS_Faults,,2026-02-13,03:15:09.359
Overcurrent_Fault,22723,0.0,0x151,BMS_Faults,,2026-02-13,03:15:09.359
Open_Wire_Fault,22723,0.0,0x151,BMS_Faults,,2026-02-13,03:15:09.359
Open_Wire_Temp_Fault,22723,0.0,0x151,BMS_Faults,,2026-02-13,03:15:09.359
Pec_Fault,22723,0.0,0x151,BMS_Faults,,2026-02-13,03:15:09.359
Total_PEC_Failures,22723,0.0,0x151,BMS_Faults,,2026-02-13,03:15:09.359
APPS1_Throttle,22746,-21589.0,0x202,ECU_Throttle,,2026-02-13,03:15:09.359
APPS2_Throttle,22746,9490.0,0x202,ECU_Throttle,,2026-02-13,03:15:09.359
RPM,22804,0.0,0x281,Rear_Inverter_Motor_Status,RPM,2026-02-13,03:15:09.359
Motor_Current,22804,0.0,0x281,Rear_Inverter_Motor_Status,A,2026-02-13,03:15:09.359
DC_Voltage,22804,0.0,0x281,Rear_Inverter_Motor_Status,V,2026-02-13,03:15:09.359
DC_Current,22804,0.0,0x281,Rear_Inverter_Motor_Status,A,2026-02-13,03:15:09.359
InternalFault_Summary,22823,0.0,0x151,BMS_Faults,,2026-02-13,03:15:09.359
External_Fault,22823,0.0,0x151,BMS_Faults,,2026-02-13,03:15:09.359
Undervoltage_Fault,22823,0.0,0x151,BMS_Faults,,2026-02-13,03:15:09.359
Overvoltage_Fault,22823,0.0,0x151,BMS_Faults,,2026-02-13,03:15:09.359
Undertemperature_Fault,22823,0.0,0x151,BMS_Faults,,2026-02-13,03:15:09.359
Overtemperature_Fault,22823,0.0,0x151,BMS_Faults,,2026-02-13,03:15:09.359
Overcurrent_Fault,22823,0.0,0x151,BMS_Faults,,2026-02-13,03:15:09.359
Open_Wire_Fault,22823,0.0,0x151,BMS_Faults,,2026-02-13,03:15:09.359
Open_Wire_Temp_Fault,22823,0.0,0x151,BMS_Faults,,2026-02-13,03:15:09.359
Pec_Fault,22823,0.0,0x151,BMS_Faults,,2026-02-13,03:15:09.359
Total_PEC_Failures,22823,0.0,0x151,BMS_Faults,,2026-02-13,03:15:09.359
APPS1_Throttle,22846,-21589.0,0x202,ECU_Throttle,,2026-02-13,03:15:09.359
APPS2_Throttle,22846,9490.0,0x202,ECU_Throttle,,2026-02-13,03:15:09.359
RPM,22904,0.0,0x281,Rear_Inverter_Motor_Status,RPM,2026-02-13,03:15:09.359
Motor_Current,22904,0.0,0x281,Rear_Inverter_Motor_Status,A,2026-02-13,03:15:09.359
DC_Voltage,22904,0.0,0x281,Rear_Inverter_Motor_Status,V,2026-02-13,03:15:09.359
DC_Current,22904,0.0,0x281,Rear_Inverter_Motor_Status,A,2026-02-13,03:15:09.359
InternalFault_Summary,22923,0.0,0x151,BMS_Faults,,2026-02-13,03:15:09.359
External_Fault,22923,0.0,0x151,BMS_Faults,,2026-02-13,03:15:09.359
Undervoltage_Fault,22923,0.0,0x151,BMS_Faults,,2026-02-13,03:15:09.359
Overvoltage_Fault,22923,0.0,0x151,BMS_Faults,,2026-02-13,03:15:09.359
Undertemperature_Fault,22923,0.0,0x151,BMS_Faults,,2026-02-13,03:15:09.359
Overtemperature_Fault,22923,0.0,0x151,BMS_Faults,,2026-02-13,03:15:09.359
Overcurrent_Fault,22923,0.0,0x151,BMS_Faults,,2026-02-13,03:15:09.359
Open_Wire_Fault,22923,0.0,0x151,BMS_Faults,,2026-02-13,03:15:09.359
Open_Wire_Temp_Fault,22923,0.0,0x151,BMS_Faults,,2026-02-13,03:15:09.359
Pec_Fault,22923,0.0,0x151,BMS_Faults,,2026-02-13,03:15:09.359
Total_PEC_Failures,22923,0.0,0x151,BMS_Faults,,2026-02-13,03:15:09.359
Gen_Amps,22923,0.0,0x2A1,PDM_Current,A,2026-02-13,03:15:09.359
Front_Fan_Amps,22923,0.0,0x2A1,PDM_Current,A,2026-02-13,03:15:09.359
Rear_Fan_Amps,22923,0.0,0x2A1,PDM_Current,A,2026-02-13,03:15:09.359
Front_Pump_Amps,22923,0.0,0x2A1,PDM_Current,A,2026-02-13,03:15:09.359
Rear_Pump_Amps,22923,0.0,0x2A1,PDM_Current,A,2026-02-13,03:15:09.359
APPS1_Throttle,22946,-21589.0,0x202,ECU_Throttle,,2026-02-13,03:15:09.359
APPS2_Throttle,22946,9490.0,0x202,ECU_Throttle,,2026-02-13,03:15:09.359
RPM,23004,0.0,0x281,Rear_Inverter_Motor_Status,RPM,2026-02-13,03:15:09.359
Motor_Current,23004,0.0,0x281,Rear_Inverter_Motor_Status,A,2026-02-13,03:15:09.359
DC_Voltage,23004,0.0,0x281,Rear_Inverter_Motor_Status,V,2026-02-13,03:15:09.359
DC_Current,23004,0.0,0x281,Rear_Inverter_Motor_Status,A,2026-02-13,03:15:09.359
InternalFault_Summary,23023,0.0,0x151,BMS_Faults,,2026-02-13,03:15:09.359
External_Fault,23023,0.0,0x151,BMS_Faults,,2026-02-13,03:15:09.359
Undervoltage_Fault,23023,0.0,0x151,BMS_Faults,,2026-02-13,03:15:09.359
Overvoltage_Fault,23023,0.0,0x151,BMS_Faults,,2026-02-13,03:15:09.359
Undertemperature_Fault,23023,0.0,0x151,BMS_Faults,,2026-02-13,03:15:09.359
Overtemperature_Fault,23023,0.0,0x151,BMS_Faults,,2026-02-13,03:15:09.359
Overcurrent_Fault,23023,0.0,0x151,BMS_Faults,,2026-02-13,03:15:09.359
Open_Wire_Fault,23023,0.0,0x151,BMS_Faults,,2026-02-13,03:15:09.359
Open_Wire_Temp_Fault,23023,0.0,0x151,BMS_Faults,,2026-02-13,03:15:09.359
Pec_Fault,23023,0.0,0x151,BMS_Faults,,2026-02-13,03:15:09.359
Total_PEC_Failures,23023,0.0,0x151,BMS_Faults,,2026-02-13,03:15:09.359
APPS1_Throttle,23046,-21589.0,0x202,ECU_Throttle,,2026-02-13,03:15:09.359
APPS2_Throttle,23046,9490.0,0x202,ECU_Throttle,,2026-02-13,03:15:09.359
RPM,23104,0.0,0x281,Rear_Inverter_Motor_Status,RPM,2026-02-13,03:15:09.359
Motor_Current,23104,0.0,0x281,Rear_Inverter_Motor_Status,A,2026-02-13,03:15:09.359
DC_Voltage,23104,0.0,0x281,Rear_Inverter_Motor_Status,V,2026-02-13,03:15:09.359
DC_Current,23104,0.0,0x281,Rear_Inverter_Motor_Status,A,2026-02-13,03:15:09.359
InternalFault_Summary,23123,0.0,0x151,BMS_Faults,,2026-02-13,03:15:09.359
External_Fault,23123,0.0,0x151,BMS_Faults,,2026-02-13,03:15:09.359
Undervoltage_Fault,23123,0.0,0x151,BMS_Faults,,2026-02-13,03:15:09.359
Overvoltage_Fault,23123,0.0,0x151,BMS_Faults,,2026-02-13,03:15:09.359
Undertemperature_Fault,23123,0.0,0x151,BMS_Faults,,2026-02-13,03:15:09.359
Overtemperature_Fault,23123,0.0,0x151,BMS_Faults,,2026-02-13,03:15:09.359
Overcurrent_Fault,23123,0.0,0x151,BMS_Faults,,2026-02-13,03:15:09.359
Open_Wire_Fault,23123,0.0,0x151,BMS_Faults,,2026-02-13,03:15:09.359
Open_Wire_Temp_Fault,23123,0.0,0x151,BMS_Faults,,2026-02-13,03:15:09.359
Pec_Fault,23123,0.0,0x151,BMS_Faults,,2026-02-13,03:15:09.359
Total_PEC_Failures,23123,0.0,0x151,BMS_Faults,,2026-02-13,03:15:09.359
APPS1_Throttle,23146,-21589.0,0x202,ECU_Throttle,,2026-02-13,03:15:09.359
APPS2_Throttle,23146,9490.0,0x202,ECU_Throttle,,2026-02-13,03:15:09.359
RPM,23204,0.0,0x281,Rear_Inverter_Motor_Status,RPM,2026-02-13,03:15:09.359
Motor_Current,23204,0.0,0x281,Rear_Inverter_Motor_Status,A,2026-02-13,03:15:09.359
DC_Voltage,23204,0.0,0x281,Rear_Inverter_Motor_Status,V,2026-02-13,03:15:09.359
DC_Current,23204,0.0,0x281,Rear_Inverter_Motor_Status,A,2026-02-13,03:15:09.359
InternalFault_Summary,23223,0.0,0x151,BMS_Faults,,2026-02-13,03:15:09.359
External_Fault,23223,0.0,0x151,BMS_Faults,,2026-02-13,03:15:09.359
Undervoltage_Fault,23223,0.0,0x151,BMS_Faults,,2026-02-13,03:15:09.359
Overvoltage_Fault,23223,0.0,0x151,BMS_Faults,,2026-02-13,03:15:09.359
Undertemperature_Fault,23223,0.0,0x151,BMS_Faults,,2026-02-13,03:15:09.359
Overtemperature_Fault,23223,0.0,0x151,BMS_Faults,,2026-02-13,03:15:09.359
Overcurrent_Fault,23223,0.0,0x151,BMS_Faults,,2026-02-13,03:15:09.359
Open_Wire_Fault,23223,0.0,0x151,BMS_Faults,,2026-02-13,03:15:09.359
Open_Wire_Temp_Fault,23223,0.0,0x151,BMS_Faults,,2026-02-13,03:15:09.359
Pec_Fault,23223,0.0,0x151,BMS_Faults,,2026-02-13,03:15:09.359
Total_PEC_Failures,23223,0.0,0x151,BMS_Faults,,2026-02-13,03:15:09.359
APPS1_Throttle,23246,-21589.0,0x202,ECU_Throttle,,2026-02-13,03:15:09.359
APPS2_Throttle,23246,9490.0,0x202,ECU_Throttle,,2026-02-13,03:15:09.359
RPM,23304,0.0,0x281,Rear_Inverter_Motor_Status,RPM,2026-02-13,03:15:09.359
Motor_Current,23304,0.0,0x281,Rear_Inverter_Motor_Status,A,2026-02-13,03:15:09.359
DC_Voltage,23304,0.0,0x281,Rear_Inverter_Motor_Status,V,2026-02-13,03:15:09.359
DC_Current,23304,0.0,0x281,Rear_Inverter_Motor_Status,A,2026-02-13,03:15:09.359
InternalFault_Summary,23323,0.0,0x151,BMS_Faults,,2026-02-13,03:15:09.359
External_Fault,23323,0.0,0x151,BMS_Faults,,2026-02-13,03:15:09.359
Undervoltage_Fault,23323,0.0,0x151,BMS_Faults,,2026-02-13,03:15:09.359
Overvoltage_Fault,23323,0.0,0x151,BMS_Faults,,2026-02-13,03:15:09.359
Undertemperature_Fault,23323,0.0,0x151,BMS_Faults,,2026-02-13,03:15:09.359
Overtemperature_Fault,23323,0.0,0x151,BMS_Faults,,2026-02-13,03:15:09.359
Overcurrent_Fault,23323,0.0,0x151,BMS_Faults,,2026-02-13,03:15:09.359
Open_Wire_Fault,23323,0.0,0x151,BMS_Faults,,2026-02-13,03:15:09.359
Open_Wire_Temp_Fault,23323,0.0,0x151,BMS_Faults,,2026-02-13,03:15:09.359
Pec_Fault,23323,0.0,0x151,BMS_Faults,,2026-02-13,03:15:09.359
Total_PEC_Failures,23323,0.0,0x151,BMS_Faults,,2026-02-13,03:15:09.359
APPS1_Throttle,23346,-21589.0,0x202,ECU_Throttle,,2026-02-13,03:15:09.359
APPS2_Throttle,23346,9490.0,0x202,ECU_Throttle,,2026-02-13,03:15:09.359
RPM,23404,0.0,0x281,Rear_Inverter_Motor_Status,RPM,2026-02-13,03:15:09.359
Motor_Current,23404,0.0,0x281,Rear_Inverter_Motor_Status,A,2026-02-13,03:15:09.359
DC_Voltage,23404,0.0,0x281,Rear_Inverter_Motor_Status,V,2026-02-13,03:15:09.359
DC_Current,23404,0.0,0x281,Rear_Inverter_Motor_Status,A,2026-02-13,03:15:09.359
InternalFault_Summary,23423,0.0,0x151,BMS_Faults,,2026-02-13,03:15:09.359
External_Fault,23423,0.0,0x151,BMS_Faults,,2026-02-13,03:15:09.359
Undervoltage_Fault,23423,0.0,0x151,BMS_Faults,,2026-02-13,03:15:09.359
Overvoltage_Fault,23423,0.0,0x151,BMS_Faults,,2026-02-13,03:15:09.359
Undertemperature_Fault,23423,0.0,0x151,BMS_Faults,,2026-02-13,03:15:09.359
Overtemperature_Fault,23423,0.0,0x151,BMS_Faults,,2026-02-13,03:15:09.359
Overcurrent_Fault,23423,0.0,0x151,BMS_Faults,,2026-02-13,03:15:09.359
Open_Wire_Fault,23423,0.0,0x151,BMS_Faults,,2026-02-13,03:15:09.359
Open_Wire_Temp_Fault,23423,0.0,0x151,BMS_Faults,,2026-02-13,03:15:09.359
Pec_Fault,23423,0.0,0x151,BMS_Faults,,2026-02-13,03:15:09.359
Total_PEC_Failures,23423,0.0,0x151,BMS_Faults,,2026-02-13,03:15:09.359
Gen_Amps,23423,0.0,0x2A1,PDM_Current,A,2026-02-13,03:15:09.359
Front_Fan_Amps,23423,0.0,0x2A1,PDM_Current,A,2026-02-13,03:15:09.359
Rear_Fan_Amps,23423,0.0,0x2A1,PDM_Current,A,2026-02-13,03:15:09.359
Front_Pump_Amps,23423,0.0,0x2A1,PDM_Current,A,2026-02-13,03:15:09.359
Rear_Pump_Amps,23423,0.0,0x2A1,PDM_Current,A,2026-02-13,03:15:09.359
APPS1_Throttle,23446,-21589.0,0x202,ECU_Throttle,,2026-02-13,03:15:09.359
APPS2_Throttle,23446,9490.0,0x202,ECU_Throttle,,2026-02-13,03:15:09.359
RPM,23504,0.0,0x281,Rear_Inverter_Motor_Status,RPM,2026-02-13,03:15:09.359
Motor_Current,23504,0.0,0x281,Rear_Inverter_Motor_Status,A,2026-02-13,03:15:09.359
DC_Voltage,23504,0.0,0x281,Rear_Inverter_Motor_Status,V,2026-02-13,03:15:09.359
DC_Current,23504,0.0,0x281,Rear_Inverter_Motor_Status,A,2026-02-13,03:15:09.359
InternalFault_Summary,23523,0.0,0x151,BMS_Faults,,2026-02-13,03:15:09.359
External_Fault,23523,0.0,0x151,BMS_Faults,,2026-02-13,03:15:09.359
Undervoltage_Fault,23523,0.0,0x151,BMS_Faults,,2026-02-13,03:15:09.359
Overvoltage_Fault,23523,0.0,0x151,BMS_Faults,,2026-02-13,03:15:09.359
Undertemperature_Fault,23523,0.0,0x151,BMS_Faults,,2026-02-13,03:15:09.359
Overtemperature_Fault,23523,0.0,0x151,BMS_Faults,,2026-02-13,03:15:09.359
Overcurrent_Fault,23523,0.0,0x151,BMS_Faults,,2026-02-13,03:15:09.359
Open_Wire_Fault,23523,0.0,0x151,BMS_Faults,,2026-02-13,03:15:09.359
Open_Wire_Temp_Fault,23523,0.0,0x151,BMS_Faults,,2026-02-13,03:15:09.359
Pec_Fault,23523,0.0,0x151,BMS_Faults,,2026-02-13,03:15:09.359
Total_PEC_Failures,23523,0.0,0x151,BMS_Faults,,2026-02-13,03:15:09.359
APPS1_Throttle,23546,-21589.0,0x202,ECU_Throttle,,2026-02-13,03:15:09.359
APPS2_Throttle,23546,9490.0,0x202,ECU_Throttle,,2026-02-13,03:15:09.359
RPM,23607,0.0,0x281,Rear_Inverter_Motor_Status,RPM,2026-02-13,03:15:09.359
Motor_Current,23607,0.0,0x281,Rear_Inverter_Motor_Status,A,2026-02-13,03:15:09.359
DC_Voltage,23607,0.0,0x281,Rear_Inverter_Motor_Status,V,2026-02-13,03:15:09.359
DC_Current,23607,0.0,0x281,Rear_Inverter_Motor_Status,A,2026-02-13,03:15:09.359
InternalFault_Summary,23623,0.0,0x151,BMS_Faults,,2026-02-13,03:15:09.359
External_Fault,23623,0.0,0x151,BMS_Faults,,2026-02-13,03:15:09.359
Undervoltage_Fault,23623,0.0,0x151,BMS_Faults,,2026-02-13,03:15:09.359
Overvoltage_Fault,23623,0.0,0x151,BMS_Faults,,2026-02-13,03:15:09.359
Undertemperature_Fault,23623,0.0,0x151,BMS_Faults,,2026-02-13,03:15:09.359
Overtemperature_Fault,23623,0.0,0x151,BMS_Faults,,2026-02-13,03:15:09.359
Overcurrent_Fault,23623,0.0,0x151,BMS_Faults,,2026-02-13,03:15:09.359
Open_Wire_Fault,23623,0.0,0x151,BMS_Faults,,2026-02-13,03:15:09.359
Open_Wire_Temp_Fault,23623,0.0,0x151,BMS_Faults,,2026-02-13,03:15:09.359
Pec_Fault,23623,0.0,0x151,BMS_Faults,,2026-02-13,03:15:09.359
Total_PEC_Failures,23623,0.0,0x151,BMS_Faults,,2026-02-13,03:15:09.359
APPS1_Throttle,23646,-21589.0,0x202,ECU_Throttle,,2026-02-13,03:15:09.359
APPS2_Throttle,23646,9490.0,0x202,ECU_Throttle,,2026-02-13,03:15:09.359
RPM,23704,0.0,0x281,Rear_Inverter_Motor_Status,RPM,2026-02-13,03:15:09.359
Motor_Current,23704,0.0,0x281,Rear_Inverter_Motor_Status,A,2026-02-13,03:15:09.359
DC_Voltage,23704,0.0,0x281,Rear_Inverter_Motor_Status,V,2026-02-13,03:15:09.359
DC_Current,23704,0.0,0x281,Rear_Inverter_Motor_Status,A,2026-02-13,03:15:09.359
InternalFault_Summary,23723,0.0,0x151,BMS_Faults,,2026-02-13,03:15:09.359
External_Fault,23723,0.0,0x151,BMS_Faults,,2026-02-13,03:15:09.359
Undervoltage_Fault,23723,0.0,0x151,BMS_Faults,,2026-02-13,03:15:09.359
Overvoltage_Fault,23723,0.0,0x151,BMS_Faults,,2026-02-13,03:15:09.359
Undertemperature_Fault,23723,0.0,0x151,BMS_Faults,,2026-02-13,03:15:09.359
Overtemperature_Fault,23723,0.0,0x151,BMS_Faults,,2026-02-13,03:15:09.359
Overcurrent_Fault,23723,0.0,0x151,BMS_Faults,,2026-02-13,03:15:09.359
Open_Wire_Fault,23723,0.0,0x151,BMS_Faults,,2026-02-13,03:15:09.359
Open_Wire_Temp_Fault,23723,0.0,0x151,BMS_Faults,,2026-02-13,03:15:09.359
Pec_Fault,23723,0.0,0x151,BMS_Faults,,2026-02-13,03:15:09.359
Total_PEC_Failures,23723,0.0,0x151,BMS_Faults,,2026-02-13,03:15:09.359
APPS1_Throttle,23746,-21589.0,0x202,ECU_Throttle,,2026-02-13,03:15:09.359
APPS2_Throttle,23746,9490.0,0x202,ECU_Throttle,,2026-02-13,03:15:09.359
RPM,23804,0.0,0x281,Rear_Inverter_Motor_Status,RPM,2026-02-13,03:15:09.359
Motor_Current,23804,0.0,0x281,Rear_Inverter_Motor_Status,A,2026-02-13,03:15:09.359
DC_Voltage,23804,0.0,0x281,Rear_Inverter_Motor_Status,V,2026-02-13,03:15:09.359
DC_Current,23804,0.0,0x281,Rear_Inverter_Motor_Status,A,2026-02-13,03:15:09.359
InternalFault_Summary,23823,0.0,0x151,BMS_Faults,,2026-02-13,03:15:09.359
External_Fault,23823,0.0,0x151,BMS_Faults,,2026-02-13,03:15:09.359
Undervoltage_Fault,23823,0.0,0x151,BMS_Faults,,2026-02-13,03:15:09.359
Overvoltage_Fault,23823,0.0,0x151,BMS_Faults,,2026-02-13,03:15:09.359
Undertemperature_Fault,23823,0.0,0x151,BMS_Faults,,2026-02-13,03:15:09.359
Overtemperature_Fault,23823,0.0,0x151,BMS_Faults,,2026-02-13,03:15:09.359
Overcurrent_Fault,23823,0.0,0x151,BMS_Faults,,2026-02-13,03:15:09.359
Open_Wire_Fault,23823,0.0,0x151,BMS_Faults,,2026-02-13,03:15:09.359
Open_Wire_Temp_Fault,23823,0.0,0x151,BMS_Faults,,2026-02-13,03:15:09.359
Pec_Fault,23823,0.0,0x151,BMS_Faults,,2026-02-13,03:15:09.359
Total_PEC_Failures,23823,0.0,0x151,BMS_Faults,,2026-02-13,03:15:09.359
APPS1_Throttle,23846,-21589.0,0x202,ECU_Throttle,,2026-02-13,03:15:09.359
APPS2_Throttle,23846,9490.0,0x202,ECU_Throttle,,2026-02-13,03:15:09.359
RPM,23904,0.0,0x281,Rear_Inverter_Motor_Status,RPM,2026-02-13,03:15:09.359
Motor_Current,23904,0.0,0x281,Rear_Inverter_Motor_Status,A,2026-02-13,03:15:09.359
DC_Voltage,23904,0.0,0x281,Rear_Inverter_Motor_Status,V,2026-02-13,03:15:09.359
DC_Current,23904,0.0,0x281,Rear_Inverter_Motor_Status,A,2026-02-13,03:15:09.359
InternalFault_Summary,23923,0.0,0x151,BMS_Faults,,2026-02-13,03:15:09.359
External_Fault,23923,0.0,0x151,BMS_Faults,,2026-02-13,03:15:09.359
Undervoltage_Fault,23923,0.0,0x151,BMS_Faults,,2026-02-13,03:15:09.359
Overvoltage_Fault,23923,0.0,0x151,BMS_Faults,,2026-02-13,03:15:09.359
Undertemperature_Fault,23923,0.0,0x151,BMS_Faults,,2026-02-13,03:15:09.359
Overtemperature_Fault,23923,0.0,0x151,BMS_Faults,,2026-02-13,03:15:09.359
Overcurrent_Fault,23923,0.0,0x151,BMS_Faults,,2026-02-13,03:15:09.359
Open_Wire_Fault,23923,0.0,0x151,BMS_Faults,,2026-02-13,03:15:09.359
Open_Wire_Temp_Fault,23923,0.0,0x151,BMS_Faults,,2026-02-13,03:15:09.359
Pec_Fault,23923,0.0,0x151,BMS_Faults,,2026-02-13,03:15:09.359
Total_PEC_Failures,23923,0.0,0x151,BMS_Faults,,2026-02-13,03:15:09.359
Gen_Amps,23924,0.0,0x2A1,PDM_Current,A,2026-02-13,03:15:09.359
Front_Fan_Amps,23924,0.0,0x2A1,PDM_Current,A,2026-02-13,03:15:09.359
Rear_Fan_Amps,23924,0.0,0x2A1,PDM_Current,A,2026-02-13,03:15:09.359
Front_Pump_Amps,23924,0.0,0x2A1,PDM_Current,A,2026-02-13,03:15:09.359
Rear_Pump_Amps,23924,0.0,0x2A1,PDM_Current,A,2026-02-13,03:15:09.359
APPS1_Throttle,23946,-21589.0,0x202,ECU_Throttle,,2026-02-13,03:15:09.359
APPS2_Throttle,23946,9490.0,0x202,ECU_Throttle,,2026-02-13,03:15:09.359
RPM,24004,0.0,0x281,Rear_Inverter_Motor_Status,RPM,2026-02-13,03:15:09.359
Motor_Current,24004,0.0,0x281,Rear_Inverter_Motor_Status,A,2026-02-13,03:15:09.359
DC_Voltage,24004,0.0,0x281,Rear_Inverter_Motor_Status,V,2026-02-13,03:15:09.359
DC_Current,24004,0.0,0x281,Rear_Inverter_Motor_Status,A,2026-02-13,03:15:09.359
InternalFault_Summary,24023,0.0,0x151,BMS_Faults,,2026-02-13,03:15:09.359
External_Fault,24023,0.0,0x151,BMS_Faults,,2026-02-13,03:15:09.359
Undervoltage_Fault,24023,0.0,0x151,BMS_Faults,,2026-02-13,03:15:09.359
Overvoltage_Fault,24023,0.0,0x151,BMS_Faults,,2026-02-13,03:15:09.359
Undertemperature_Fault,24023,0.0,0x151,BMS_Faults,,2026-02-13,03:15:09.359
Overtemperature_Fault,24023,0.0,0x151,BMS_Faults,,2026-02-13,03:15:09.359
Overcurrent_Fault,24023,0.0,0x151,BMS_Faults,,2026-02-13,03:15:09.359
Open_Wire_Fault,24023,0.0,0x151,BMS_Faults,,2026-02-13,03:15:09.359
Open_Wire_Temp_Fault,24023,0.0,0x151,BMS_Faults,,2026-02-13,03:15:09.359
Pec_Fault,24023,0.0,0x151,BMS_Faults,,2026-02-13,03:15:09.359
Total_PEC_Failures,24023,0.0,0x151,BMS_Faults,,2026-02-13,03:15:09.359
APPS1_Throttle,24046,-21589.0,0x202,ECU_Throttle,,2026-02-13,03:15:09.359
APPS2_Throttle,24046,9490.0,0x202,ECU_Throttle,,2026-02-13,03:15:09.359
RPM,24104,0.0,0x281,Rear_Inverter_Motor_Status,RPM,2026-02-13,03:15:09.359
Motor_Current,24104,0.0,0x281,Rear_Inverter_Motor_Status,A,2026-02-13,03:15:09.359
DC_Voltage,24104,0.0,0x281,Rear_Inverter_Motor_Status,V,2026-02-13,03:15:09.359
DC_Current,24104,0.0,0x281,Rear_Inverter_Motor_Status,A,2026-02-13,03:15:09.359
InternalFault_Summary,24123,0.0,0x151,BMS_Faults,,2026-02-13,03:15:09.359
External_Fault,24123,0.0,0x151,BMS_Faults,,2026-02-13,03:15:09.359
Undervoltage_Fault,24123,0.0,0x151,BMS_Faults,,2026-02-13,03:15:09.359
Overvoltage_Fault,24123,0.0,0x151,BMS_Faults,,2026-02-13,03:15:09.359
Undertemperature_Fault,24123,0.0,0x151,BMS_Faults,,2026-02-13,03:15:09.359
Overtemperature_Fault,24123,0.0,0x151,BMS_Faults,,2026-02-13,03:15:09.359
Overcurrent_Fault,24123,0.0,0x151,BMS_Faults,,2026-02-13,03:15:09.359
Open_Wire_Fault,24123,0.0,0x151,BMS_Faults,,2026-02-13,03:15:09.359
Open_Wire_Temp_Fault,24123,0.0,0x151,BMS_Faults,,2026-02-13,03:15:09.359
Pec_Fault,24123,0.0,0x151,BMS_Faults,,2026-02-13,03:15:09.359
Total_PEC_Failures,24123,0.0,0x151,BMS_Faults,,2026-02-13,03:15:09.359
APPS1_Throttle,24146,-21589.0,0x202,ECU_Throttle,,2026-02-13,03:15:09.359
APPS2_Throttle,24146,9490.0,0x202,ECU_Throttle,,2026-02-13,03:15:09.359
RPM,24204,0.0,0x281,Rear_Inverter_Motor_Status,RPM,2026-02-13,03:15:09.359
Motor_Current,24204,0.0,0x281,Rear_Inverter_Motor_Status,A,2026-02-13,03:15:09.359
DC_Voltage,24204,0.0,0x281,Rear_Inverter_Motor_Status,V,2026-02-13,03:15:09.359
DC_Current,24204,0.0,0x281,Rear_Inverter_Motor_Status,A,2026-02-13,03:15:09.359
InternalFault_Summary,24223,0.0,0x151,BMS_Faults,,2026-02-13,03:15:09.359
External_Fault,24223,0.0,0x151,BMS_Faults,,2026-02-13,03:15:09.359
Undervoltage_Fault,24223,0.0,0x151,BMS_Faults,,2026-02-13,03:15:09.359
Overvoltage_Fault,24223,0.0,0x151,BMS_Faults,,2026-02-13,03:15:09.359
Undertemperature_Fault,24223,0.0,0x151,BMS_Faults,,2026-02-13,03:15:09.359
Overtemperature_Fault,24223,0.0,0x151,BMS_Faults,,2026-02-13,03:15:09.359
Overcurrent_Fault,24223,0.0,0x151,BMS_Faults,,2026-02-13,03:15:09.359
Open_Wire_Fault,24223,0.0,0x151,BMS_Faults,,2026-02-13,03:15:09.359
Open_Wire_Temp_Fault,24223,0.0,0x151,BMS_Faults,,2026-02-13,03:15:09.359
Pec_Fault,24223,0.0,0x151,BMS_Faults,,2026-02-13,03:15:09.359
Total_PEC_Failures,24223,0.0,0x151,BMS_Faults,,2026-02-13,03:15:09.359
APPS1_Throttle,24246,-21589.0,0x202,ECU_Throttle,,2026-02-13,03:15:09.359
APPS2_Throttle,24246,9490.0,0x202,ECU_Throttle,,2026-02-13,03:15:09.359
RPM,24304,0.0,0x281,Rear_Inverter_Motor_Status,RPM,2026-02-13,03:15:09.359
Motor_Current,24304,0.0,0x281,Rear_Inverter_Motor_Status,A,2026-02-13,03:15:09.359
DC_Voltage,24304,0.0,0x281,Rear_Inverter_Motor_Status,V,2026-02-13,03:15:09.359
DC_Current,24304,0.0,0x281,Rear_Inverter_Motor_Status,A,2026-02-13,03:15:09.359
InternalFault_Summary,24323,0.0,0x151,BMS_Faults,,2026-02-13,03:15:09.359
External_Fault,24323,0.0,0x151,BMS_Faults,,2026-02-13,03:15:09.359
Undervoltage_Fault,24323,0.0,0x151,BMS_Faults,,2026-02-13,03:15:09.359
Overvoltage_Fault,24323,0.0,0x151,BMS_Faults,,2026-02-13,03:15:09.359
Undertemperature_Fault,24323,0.0,0x151,BMS_Faults,,2026-02-13,03:15:09.359
Overtemperature_Fault,24323,0.0,0x151,BMS_Faults,,2026-02-13,03:15:09.359
Overcurrent_Fault,24323,0.0,0x151,BMS_Faults,,2026-02-13,03:15:09.359
Open_Wire_Fault,24323,0.0,0x151,BMS_Faults,,2026-02-13,03:15:09.359
Open_Wire_Temp_Fault,24323,0.0,0x151,BMS_Faults,,2026-02-13,03:15:09.359
Pec_Fault,24323,0.0,0x151,BMS_Faults,,2026-02-13,03:15:09.359
Total_PEC_Failures,24323,0.0,0x151,BMS_Faults,,2026-02-13,03:15:09.359
APPS1_Throttle,24346,-21589.0,0x202,ECU_Throttle,,2026-02-13,03:15:09.359
APPS2_Throttle,24346,9490.0,0x202,ECU_Throttle,,2026-02-13,03:15:09.359
RPM,24404,0.0,0x281,Rear_Inverter_Motor_Status,RPM,2026-02-13,03:15:09.359
Motor_Current,24404,0.0,0x281,Rear_Inverter_Motor_Status,A,2026-02-13,03:15:09.359
DC_Voltage,24404,0.0,0x281,Rear_Inverter_Motor_Status,V,2026-02-13,03:15:09.359
DC_Current,24404,0.0,0x281,Rear_Inverter_Motor_Status,A,2026-02-13,03:15:09.359
InternalFault_Summary,24423,0.0,0x151,BMS_Faults,,2026-02-13,03:15:09.359
External_Fault,24423,0.0,0x151,BMS_Faults,,2026-02-13,03:15:09.359
Undervoltage_Fault,24423,0.0,0x151,BMS_Faults,,2026-02-13,03:15:09.359
Overvoltage_Fault,24423,0.0,0x151,BMS_Faults,,2026-02-13,03:15:09.359
Undertemperature_Fault,24423,0.0,0x151,BMS_Faults,,2026-02-13,03:15:09.359
Overtemperature_Fault,24423,0.0,0x151,BMS_Faults,,2026-02-13,03:15:09.359
Overcurrent_Fault,24423,0.0,0x151,BMS_Faults,,2026-02-13,03:15:09.359
Open_Wire_Fault,24423,0.0,0x151,BMS_Faults,,2026-02-13,03:15:09.359
Open_Wire_Temp_Fault,24423,0.0,0x151,BMS_Faults,,2026-02-13,03:15:09.359
Pec_Fault,24423,0.0,0x151,BMS_Faults,,2026-02-13,03:15:09.359
Total_PEC_Failures,24423,0.0,0x151,BMS_Faults,,2026-02-13,03:15:09.359
Gen_Amps,24423,0.0,0x2A1,PDM_Current,A,2026-02-13,03:15:09.359
Front_Fan_Amps,24423,0.0,0x2A1,PDM_Current,A,2026-02-13,03:15:09.359
Rear_Fan_Amps,24423,0.0,0x2A1,PDM_Current,A,2026-02-13,03:15:09.359
Front_Pump_Amps,24423,0.0,0x2A1,PDM_Current,A,2026-02-13,03:15:09.359
Rear_Pump_Amps,24423,0.0,0x2A1,PDM_Current,A,2026-02-13,03:15:09.359
APPS1_Throttle,24446,-21589.0,0x202,ECU_Throttle,,2026-02-13,03:15:09.359
APPS2_Throttle,24446,9490.0,0x202,ECU_Throttle,,2026-02-13,03:15:09.359
RPM,24504,0.0,0x281,Rear_Inverter_Motor_Status,RPM,2026-02-13,03:15:09.359
Motor_Current,24504,0.0,0x281,Rear_Inverter_Motor_Status,A,2026-02-13,03:15:09.359
DC_Voltage,24504,0.0,0x281,Rear_Inverter_Motor_Status,V,2026-02-13,03:15:09.359
DC_Current,24504,0.0,0x281,Rear_Inverter_Motor_Status,A,2026-02-13,03:15:09.359
InternalFault_Summary,24523,0.0,0x151,BMS_Faults,,2026-02-13,03:15:09.359
External_Fault,24523,0.0,0x151,BMS_Faults,,2026-02-13,03:15:09.359
Undervoltage_Fault,24523,0.0,0x151,BMS_Faults,,2026-02-13,03:15:09.359
Overvoltage_Fault,24523,0.0,0x151,BMS_Faults,,2026-02-13,03:15:09.359
Undertemperature_Fault,24523,0.0,0x151,BMS_Faults,,2026-02-13,03:15:09.359
Overtemperature_Fault,24523,0.0,0x151,BMS_Faults,,2026-02-13,03:15:09.359
Overcurrent_Fault,24523,0.0,0x151,BMS_Faults,,2026-02-13,03:15:09.359
Open_Wire_Fault,24523,0.0,0x151,BMS_Faults,,2026-02-13,03:15:09.359
Open_Wire_Temp_Fault,24523,0.0,0x151,BMS_Faults,,2026-02-13,03:15:09.359
Pec_Fault,24523,0.0,0x151,BMS_Faults,,2026-02-13,03:15:09.359
Total_PEC_Failures,24523,0.0,0x151,BMS_Faults,,2026-02-13,03:15:09.359
APPS1_Throttle,24546,-21589.0,0x202,ECU_Throttle,,2026-02-13,03:15:09.359
APPS2_Throttle,24546,9490.0,0x202,ECU_Throttle,,2026-02-13,03:15:09.359
RPM,24606,0.0,0x281,Rear_Inverter_Motor_Status,RPM,2026-02-13,03:15:09.359
Motor_Current,24606,0.0,0x281,Rear_Inverter_Motor_Status,A,2026-02-13,03:15:09.359
DC_Voltage,24606,0.0,0x281,Rear_Inverter_Motor_Status,V,2026-02-13,03:15:09.359
DC_Current,24606,0.0,0x281,Rear_Inverter_Motor_Status,A,2026-02-13,03:15:09.359
InternalFault_Summary,24623,0.0,0x151,BMS_Faults,,2026-02-13,03:15:09.359
External_Fault,24623,0.0,0x151,BMS_Faults,,2026-02-13,03:15:09.359
Undervoltage_Fault,24623,0.0,0x151,BMS_Faults,,2026-02-13,03:15:09.359
Overvoltage_Fault,24623,0.0,0x151,BMS_Faults,,2026-02-13,03:15:09.359
Undertemperature_Fault,24623,0.0,0x151,BMS_Faults,,2026-02-13,03:15:09.359
Overtemperature_Fault,24623,0.0,0x151,BMS_Faults,,2026-02-13,03:15:09.359
Overcurrent_Fault,24623,0.0,0x151,BMS_Faults,,2026-02-13,03:15:09.359
Open_Wire_Fault,24623,0.0,0x151,BMS_Faults,,2026-02-13,03:15:09.359
Open_Wire_Temp_Fault,24623,0.0,0x151,BMS_Faults,,2026-02-13,03:15:09.359
Pec_Fault,24623,0.0,0x151,BMS_Faults,,2026-02-13,03:15:09.359
Total_PEC_Failures,24623,0.0,0x151,BMS_Faults,,2026-02-13,03:15:09.359
APPS1_Throttle,24646,-21589.0,0x202,ECU_Throttle,,2026-02-13,03:15:09.359
APPS2_Throttle,24646,9490.0,0x202,ECU_Throttle,,2026-02-13,03:15:09.359
RPM,24705,0.0,0x281,Rear_Inverter_Motor_Status,RPM,2026-02-13,03:15:09.359
Motor_Current,24705,0.0,0x281,Rear_Inverter_Motor_Status,A,2026-02-13,03:15:09.359
DC_Voltage,24705,0.0,0x281,Rear_Inverter_Motor_Status,V,2026-02-13,03:15:09.359
DC_Current,24705,0.0,0x281,Rear_Inverter_Motor_Status,A,2026-02-13,03:15:09.359
InternalFault_Summary,24723,0.0,0x151,BMS_Faults,,2026-02-13,03:15:09.359
External_Fault,24723,0.0,0x151,BMS_Faults,,2026-02-13,03:15:09.359
Undervoltage_Fault,24723,0.0,0x151,BMS_Faults,,2026-02-13,03:15:09.359
Overvoltage_Fault,24723,0.0,0x151,BMS_Faults,,2026-02-13,03:15:09.359
Undertemperature_Fault,24723,0.0,0x151,BMS_Faults,,2026-02-13,03:15:09.359
Overtemperature_Fault,24723,0.0,0x151,BMS_Faults,,2026-02-13,03:15:09.359
Overcurrent_Fault,24723,0.0,0x151,BMS_Faults,,2026-02-13,03:15:09.359
Open_Wire_Fault,24723,0.0,0x151,BMS_Faults,,2026-02-13,03:15:09.359
Open_Wire_Temp_Fault,24723,0.0,0x151,BMS_Faults,,2026-02-13,03:15:09.359
Pec_Fault,24723,0.0,0x151,BMS_Faults,,2026-02-13,03:15:09.359
Total_PEC_Failures,24723,0.0,0x151,BMS_Faults,,2026-02-13,03:15:09.359
APPS1_Throttle,24746,-21589.0,0x202,ECU_Throttle,,2026-02-13,03:15:09.359
APPS2_Throttle,24746,9490.0,0x202,ECU_Throttle,,2026-02-13,03:15:09.359
RPM,24805,0.0,0x281,Rear_Inverter_Motor_Status,RPM,2026-02-13,03:15:09.359
Motor_Current,24805,0.0,0x281,Rear_Inverter_Motor_Status,A,2026-02-13,03:15:09.359
DC_Voltage,24805,0.0,0x281,Rear_Inverter_Motor_Status,V,2026-02-13,03:15:09.359
DC_Current,24805,0.0,0x281,Rear_Inverter_Motor_Status,A,2026-02-13,03:15:09.359
InternalFault_Summary,24823,0.0,0x151,BMS_Faults,,2026-02-13,03:15:09.359
External_Fault,24823,0.0,0x151,BMS_Faults,,2026-02-13,03:15:09.359
Undervoltage_Fault,24823,0.0,0x151,BMS_Faults,,2026-02-13,03:15:09.359
Overvoltage_Fault,24823,0.0,0x151,BMS_Faults,,2026-02-13,03:15:09.359
Undertemperature_Fault,24823,0.0,0x151,BMS_Faults,,2026-02-13,03:15:09.359
Overtemperature_Fault,24823,0.0,0x151,BMS_Faults,,2026-02-13,03:15:09.359
Overcurrent_Fault,24823,0.0,0x151,BMS_Faults,,2026-02-13,03:15:09.359
Open_Wire_Fault,24823,0.0,0x151,BMS_Faults,,2026-02-13,03:15:09.359
Open_Wire_Temp_Fault,24823,0.0,0x151,BMS_Faults,,2026-02-13,03:15:09.359
Pec_Fault,24823,0.0,0x151,BMS_Faults,,2026-02-13,03:15:09.359
Total_PEC_Failures,24823,0.0,0x151,BMS_Faults,,2026-02-13,03:15:09.359
APPS1_Throttle,24846,-21589.0,0x202,ECU_Throttle,,2026-02-13,03:15:09.359
APPS2_Throttle,24846,9490.0,0x202,ECU_Throttle,,2026-02-13,03:15:09.359
RPM,24904,0.0,0x281,Rear_Inverter_Motor_Status,RPM,2026-02-13,03:15:09.359
Motor_Current,24904,0.0,0x281,Rear_Inverter_Motor_Status,A,2026-02-13,03:15:09.359
DC_Voltage,24904,0.0,0x281,Rear_Inverter_Motor_Status,V,2026-02-13,03:15:09.359
DC_Current,24904,0.0,0x281,Rear_Inverter_Motor_Status,A,2026-02-13,03:15:09.359
