Message ID,Message Name,Sender,Signal Name,Start Bit,Size (bits),Factor,Offset,Min,Max,Unit,Cycle Time (ms),Data Type
0x2A1,PDM_Current,PDM,Gen_Amps,0,16,0.01,0,0.25,15.5,A,500,float
,PDM_Current,PDM,Front_Fan_Amps,16,8,0.01,0,0.25,15.5,A,500,float
,PDM_Current,PDM,Rear_Fan_Amps,24,8,0.01,0,0.25,15.5,A,500,float
,PDM_Current,PDM,Front_Pump_Amps,32,8,0.01,0,0.25,15.5,A,500,float
,PDM_Current,PDM,Rear_Pump_Amps,40,8,0.01,0,0.25,15.5,A,500,float
0x2A2,PDM_Bat_Volt,PDM,Bat_Volt,0,16,0.01,0,0,16,V,5000,float
,PDM_Bat_Volt,PDM,Low_Bat_Volt_Warning,16,8,1,0,0,1,Bool,5000,bool
,PDM_Bat_Volt,PDM,Danger_Bat_Volt_Warning,24,8,1,0,0,1,Bool,5000,bool
0x2A3,PDM_Coolant,PDM,Coolant_1_Volt,0,16,0.01,0,0,3.3,V,500,float
,PDM_Coolant,PDM,Coolant_2_Volt,16,16,0.01,0,0,3.3,V,500,float
,PDM_Coolant,PDM,Coolant_3_Volt,32,16,0.01,0,0,3.3,V,500,float
0x28B,Front_Right_Inverter_Motor_Status,Front-Right-Inverter,RPM,0,16,1,0,,,RPM,100,int16_t
,Front_Right_Inverter_Motor_Status,Front-Right-Inverter,Motor_Current,16,16,0.1,0,,,A,100,int16_t
,Front_Right_Inverter_Motor_Status,Front-Right-Inverter,DC_Voltage,32,16,0.1,0,,,V,100,int16_t
,Front_Right_Inverter_Motor_Status,Front-Right-Inverter,DC_Current,48,16,0.1,0,,,A,100,int16_t
0x28C,Front_Right_Inverter_Temp_Status,Front-Right-Inverter,IGBT_Temp,0,16,0.1,0,,,deg C,1000,int16_t
,Front_Right_Inverter_Temp_Status,Front-Right-Inverter,Motor_Temp,16,16,0.1,0,,,deg C,1000,int16_t
0x28D,Front_Right_Inverter_Current_Draw,Front-Right-Inverter,Ah_Drawn,0,16,0.0001,0,,,Ah,100,uint32_t
,Front_Right_Inverter_Current_Draw,Front-Right-Inverter,Ah_Charged,32,32,0.0001,0,,,Ah,100,uint32_t
0x28E,Front_Right_Inverter_Power_Draw,Front-Right-Inverter,Wh_Drawn,0,32,0.001,0,,,Wh,100,uint32_t
,Front_Right_Inverter_Power_Draw,Front-Right-Inverter,Wh_Charged,32,32,0.001,0,,,Wh,100,uint32_t
0x28A,Front_Right_Inverter_Fault_Status,Front-Right-Inverter,Fault_Code,0,8,1,0,,,"0x00: NONE
0x01: OVER_VOLTAGE
0x02: UNDER_VOLTAGE
0x03: DRV_FAULT
0x04: ABS_OVER_CURRENT
0x05: OVER_TEMP_FET
0x06: OVER_TEMP_MOTOR
0x07: GATE_DRIVER_OVER_VOLTAGE
0x08: GATE_DRIVER_UNDER_VOLTAGE
0x09: MCU_UNDER_VOLTAGE
0x0A: BOOTING_FROM_WATCHDOG_RESET
0x0B: ENCODER_SPI_FAULT
0x0C: ENCODER_SINCOS_BELOW_MIN_AMPLITUDE
0x0D: ENCODER_SINCOS_ABOVE_MAX_AMPLITUDE
0x0E: FLASH_CORRUPTION
0x0F: HIGH_OFFSET_CURRENT_SENSOR_1
0x10: HIGH_OFFSET_CURRENT_SENSOR_2
0x11: HIGH_OFFSET_CURRENT_SENSOR_3
0x12: UNBALANCED_CURRENTS
0x13: BRK_FAULT
0x14: RESOLVER_LOT
0x15: RESOLVER_DOS
0x16: RESOLVER_LOS
0x17: FLASH_CORRUPTION_APP_CFG
0x18: FLASH_CORRUPTION_MC_CFG
0x19: ENCODER_NO_MAGNET
0x1A: ENCODER_MAGNET_TOO_STRONG
0x1B: PHASE_FILTER_FAULT",,uint8_t
0x286,Front_Left_Inverter_Motor_Status,Front-Left-Inverter,RPM,0,16,1,0,,,RPM,100,int16_t
,Front_Left_Inverter_Motor_Status,Front-Left-Inverter,Motor_Current,16,16,0.1,0,,,A,100,int16_t
,Front_Left_Inverter_Motor_Status,Front-Left-Inverter,DC_Voltage,32,16,0.1,0,,,V,100,int16_t
,Front_Left_Inverter_Motor_Status,Front-Left-Inverter,DC_Current,48,16,0.1,0,,,A,100,int16_t
0x287,Front_Left_Inverter_Temp_Status,Front-Left-Inverter,IGBT_Temp,0,16,0.1,0,,,deg C,1000,int16_t
,Front_Left_Inverter_Temp_Status,Front-Left-Inverter,Motor_Temp,16,16,0.1,0,,,deg C,1000,int16_t
0x288,Front_Left_Inverter_Current_Draw,Front-Left-Inverter,Ah_Drawn,0,16,0.0001,0,,,Ah,100,uint32_t
,Front_Left_Inverter_Current_Draw,Front-Left-Inverter,Ah_Charged,32,32,0.0001,0,,,Ah,100,uint32_t
0x289,Front_Left_Inverter_Power_Draw,Front-Left-Inverter,Wh_Drawn,0,32,0.001,0,,,Wh,100,uint32_t
,Front_Left_Inverter_Power_Draw,Front-Left-Inverter,Wh_Charged,32,32,0.001,0,,,Wh,100,uint32_t
0x285,Front_Left_Inverter_Fault_Status,Front-Left-Inverter,Fault_Code,0,8,1,0,,,"0x00: NONE
0x01: OVER_VOLTAGE
0x02: UNDER_VOLTAGE
0x03: DRV_FAULT
0x04: ABS_OVER_CURRENT
0x05: OVER_TEMP_FET
0x06: OVER_TEMP_MOTOR
0x07: GATE_DRIVER_OVER_VOLTAGE
0x08: GATE_DRIVER_UNDER_VOLTAGE
0x09: MCU_UNDER_VOLTAGE
0x0A: BOOTING_FROM_WATCHDOG_RESET
0x0B: ENCODER_SPI_FAULT
0x0C: ENCODER_SINCOS_BELOW_MIN_AMPLITUDE
0x0D: ENCODER_SINCOS_ABOVE_MAX_AMPLITUDE
0x0E: FLASH_CORRUPTION
0x0F: HIGH_OFFSET_CURRENT_SENSOR_1
0x10: HIGH_OFFSET_CURRENT_SENSOR_2
0x11: HIGH_OFFSET_CURRENT_SENSOR_3
0x12: UNBALANCED_CURRENTS
0x13: BRK_FAULT
0x14: RESOLVER_LOT
0x15: RESOLVER_DOS
0x16: RESOLVER_LOS
0x17: FLASH_CORRUPTION_APP_CFG
0x18: FLASH_CORRUPTION_MC_CFG
0x19: ENCODER_NO_MAGNET
0x1A: ENCODER_MAGNET_TOO_STRONG
0x1B: PHASE_FILTER_FAULT",,uint8_t
0x281,Rear_Inverter_Motor_Status,Rear Inverter,RPM,0,16,1,0,,,RPM,100,int16_t
,Rear_Inverter_Motor_Status,Rear Inverter,Motor_Current,16,16,0.1,0,,,A,100,int16_t
,Rear_Inverter_Motor_Status,Rear Inverter,DC_Voltage,32,16,0.1,0,,,V,100,int16_t
,Rear_Inverter_Motor_Status,Rear Inverter,DC_Current,48,16,0.1,0,,,A,100,int16_t
0x282,Rear_Inverter_Temp_Status,Rear Inverter,IGBT_Temp,0,16,0.1,0,,,deg C,1000,int16_t
,Rear_Inverter_Temp_Status,Rear Inverter,Motor_Temp,16,16,0.1,0,,,deg C,1000,int16_t
0x283,Rear_Inverter_Current_Draw,Rear Inverter,Ah_Drawn,0,16,0.0001,0,,,Ah,100,uint32_t
,Rear_Inverter_Current_Draw,Rear Inverter,Ah_Charged,32,32,0.0001,0,,,Ah,100,uint32_t
0x284,Rear_Inverter_Power_Draw,Rear Inverter,Wh_Drawn,0,32,0.001,0,,,Wh,100,uint32_t
,Rear_Inverter_Power_Draw,Rear Inverter,Wh_Charged,32,32,0.001,0,,,Wh,100,uint32_t
0x280,Rear_Inverter_Fault_Status,Rear Inverter,Fault_Code,0,8,1,0,,,"0x00: NONE
0x01: OVER_VOLTAGE
0x02: UNDER_VOLTAGE
0x03: DRV_FAULT
0x04: ABS_OVER_CURRENT
0x05: OVER_TEMP_FET
0x06: OVER_TEMP_MOTOR
0x07: GATE_DRIVER_OVER_VOLTAGE
0x08: GATE_DRIVER_UNDER_VOLTAGE
0x09: MCU_UNDER_VOLTAGE
0x0A: BOOTING_FROM_WATCHDOG_RESET
0x0B: ENCODER_SPI_FAULT
0x0C: ENCODER_SINCOS_BELOW_MIN_AMPLITUDE
0x0D: ENCODER_SINCOS_ABOVE_MAX_AMPLITUDE
0x0E: FLASH_CORRUPTION
0x0F: HIGH_OFFSET_CURRENT_SENSOR_1
0x10: HIGH_OFFSET_CURRENT_SENSOR_2
0x11: HIGH_OFFSET_CURRENT_SENSOR_3
0x12: UNBALANCED_CURRENTS
0x13: BRK_FAULT
0x14: RESOLVER_LOT
0x15: RESOLVER_DOS
0x16: RESOLVER_LOS
0x17: FLASH_CORRUPTION_APP_CFG
0x18: FLASH_CORRUPTION_MC_CFG
0x19: ENCODER_NO_MAGNET
0x1A: ENCODER_MAGNET_TOO_STRONG
0x1B: PHASE_FILTER_FAULT",,uint8_t
0x20D,ECU_Set_Current_Front_Left_Inverter,ECU,Set_Current_Front_Left_Inverter,0,32,0.001,0,0,50,A,10,int32_t
0x20E,ECU_Set_Current_Brake_Front_Left_Inverter,ECU,Set_Current_Brake_Front_Left_Inverter,0,32,0.001,0,0,50,A,10,int32_t
0x20F,ECU_Set_Current_Front_Right_Inverter,ECU,Set_Current_Front_Right_Inverter,0,32,0.001,0,0,50,A,10,int32_t
0x210,ECU_Set_Current_Brake_Front_Right_Inverter,ECU,Set_Current_Brake_Front_Right_Inverter,0,32,0.001,0,0,50,A,10,int32_t
0x200,ECU_Set_Current_Rear_Inverter,ECU,Set_Current_Rear_Inverter,0,32,0.001,0,0,360,A,10,int32_t
0x201,ECU_Set_Current_Brake_Rear_Inverter,ECU,Set_Current_Brake_Rear_Inverter,0,32,0.001,0,0,360,A,10,int32_t
0x202,ECU_Throttle,ECU,APPS1_Throttle,0,16,1,0,0,2047,,10,int16_t
,ECU_Throttle,ECU,APPS2_Throttle,16,16,1,0,0,2047,,10,int16_t
0x203,ECU_Brake,ECU,Front_Brake_Pressure,0,16,1,0,0,32767,,10,int16_t
,ECU_Brake,ECU,Rear_Brake_Pressure,16,16,1,0,0,32767,,10,int16_t
,ECU_Brake,ECU,Brake_Pressed,32,8,1,0,0,1,,10,bool
0x204,ECU_Implausibility,ECU,Implausibility_Present,0,8,1,0,0,1,,100,bool
,ECU_Implausibility,ECU,APPSs_Disagreement_Imp,8,8,1,0,0,1,,100,bool
,ECU_Implausibility,ECU,BPPC_Imp,16,8,1,0,0,1,,100,bool
,ECU_Implausibility,ECU,Brake_Invalid_Imp,24,8,1,0,0,1,,100,bool
,ECU_Implausibility,ECU,APPSs_Invalid_Imp,32,8,1,0,0,1,,100,bool
0x205,ECU_BMS_Command_Message,ECU,BMS_Command,0,8,1,0,0,4,"0: IDLE
1: PRECHARGE
2: NEUTRAL
3: DRIVE
4: FAULT",100,uint8_t
0x206,ECU_Drive_Status,ECU,Drive_State,0,8,1,0,0,4,"0: IDLE
1: PRECHARGE
2: NEUTRAL
3: DRIVE
4: FAULT",100,uint8_t
0x208,ECU_Active_Aero_Command,ECU,Active_Aero_State,0,1,1,0,0,1,"0: Closed
1: Open",100,bool
,ECU_Active_Aero_Command,ECU,Active_Aero_Position,1,16,1,0,0,360,degrees,100,int16_t
0x209,ECU_Pump_Fan_Command,ECU,Front_Pump_Duty_Cycle,0,8,1,0,0,255,,100,uint8_t
,ECU_Pump_Fan_Command,ECU,Rear_Pump_Duty_Cycle,8,8,1,0,0,255,,100,uint8_t
,ECU_Pump_Fan_Command,ECU,Front_Fan_Duty_Cycle,16,8,1,0,0,255,,100,uint8_t
,ECU_Pump_Fan_Command,ECU,Rear_Fan_Duty_Cycle,24,8,1,0,0,255,,100,uint8_t
0x20A,ECU_LUT_Response,ECU,Accel_LUT_Id_Response,0,8,1,0,,,,100,uint8_t
0x20B,ECU_Temp_Limiting_Status,ECU,IGBT_Temp_Limiting,0,1,1,0,0,1,,100,bool
,ECU_Temp_Limiting_Status,ECU,Battery_Temp_Limiting,1,1,1,0,0,1,,100,bool
,ECU_Temp_Limiting_Status,ECU,Motor_Temp_Limiting,2,1,1,0,0,1,,100,bool
0x20C,ECU_Torque_Status,ECU,Torque_Status,0,8,1,0,0,2,"0: ZERO
1: ACCEL
2: REGEN",100,uint8_t
0x211,ECU_BSPD_Status,ECU,high_current,0,1,1,0,0,1,"0: Absent
1: Present",,uint8_t
,ECU_BSPD_Status,ECU,hard_brake,1,1,1,0,0,1,"0: Absent
1: Present",,uint8_t
,ECU_BSPD_Status,ECU,brake_error,2,1,1,0,0,1,"0: Absent
1: Present",,uint8_t
,ECU_BSPD_Status,ECU,current_error,3,1,1,0,0,1,"0: Absent
1: Present",,uint8_t
,ECU_BSPD_Status,ECU,bspd_shutdown_b,4,1,1,0,0,1,"0: Absent
1: Present",,uint8_t
,ECU_BSPD_Status,ECU,bspd_error_b,5,1,1,0,0,1,"0: Absent
1: Present",,uint8_t
,ECU_BSPD_Status,ECU,bspd_sens_error_b,6,1,1,0,0,1,"0: Absent
1: Present",,uint8_t
0x150,BMS_Packboard,BMS,Battery_Current,0,32,0.0001,-100,-75,300,A,20,unsigned_float
,BMS_Packboard,BMS,Packboard_Voltage,32,32,0.0001,0,0,500,V,20,unsigned_float
0x151,BMS_Daughterboard,BMS,Battery_Voltage,0,16,0.01,0,0,500,V,20,unsigned_float
,BMS_Daughterboard,BMS,Max_Cell_Voltage,16,16,0.00015,-3.4152,-3.4152,6.41505,V,20,unsigned_float
,BMS_Daughterboard,BMS,Min_Cell_Voltage,32,16,0.00015,-3.4152,-3.4152,6.41505,V,20,unsigned_float
,BMS_Daughterboard,BMS,Battery_Temperature,48,16,0.01,-20,-20,70,C,20,unsigned_float
0x152,BMS_Status,BMS,SOC,0,16,0.00002,0,0,1,fraction,20,unsigned_float
,BMS_Status,BMS,BMS_State,16,8,1,0,,,"State that the BMS is in:
Idle = 0,
Precharge = 1,
Active = 2,
Charge = 3,
Fault = 4",20,uint8_t
,BMS_Status,BMS,IMD_State,24,1,1,0,,,State of the IMD. High is Healthy ,20,bool
,BMS_Status,BMS,InternalFault_Summary,25,1,1,0,,,,20,bool
,BMS_Status,BMS,Undervoltage_Fault,26,1,1,0,,,,20,bool
,BMS_Status,BMS,Overvoltage_Fault,27,1,1,0,,,,20,bool
,BMS_Status,BMS,Undertemperature_Fault,28,1,1,0,,,,20,bool
,BMS_Status,BMS,Overtemperature_Fault,29,1,1,0,,,,20,bool
,BMS_Status,BMS,Open_Wire_Fault,30,1,1,0,,,,20,bool
,BMS_Status,BMS,Open_Wire_Temp_Fault,31,1,1,0,,,,20,bool
,BMS_Status,BMS,Pec_Fault,32,1,1,0,,,,20,bool
,BMS_Status,BMS,Shutdown_Open,33,1,1,0,,,,20,bool
,BMS_Status,BMS,VCU_Timeout,34,1,1,0,,,,20,bool
,BMS_Status,BMS,Inverter_Timeout,35,1,1,0,,,,20,bool
,BMS_Status,BMS,Charger_Timeout,36,1,1,0,,,,20,bool
,BMS_Status,BMS,2950_PEC_Warning,37,1,1,0,,,,20,bool
,BMS_Status,BMS,Total_PEC_Failures,38,16,1,0,,,,20,uint16_t
0x153,BMS_Voltages_0,BMS,Cell_V_1,0,16,0.00015,-3.4152,-3.4152,6.41505,V,100,unsigned_float
,BMS_Voltages_0,BMS,Cell_V_2,16,16,0.00015,-3.4152,-3.4152,6.41505,V,100,unsigned_float
,BMS_Voltages_0,BMS,Cell_V_3,32,16,0.00015,-3.4152,-3.4152,6.41505,V,100,unsigned_float
,BMS_Voltages_0,BMS,Cell_V_4,48,16,0.00015,-3.4152,-3.4152,6.41505,V,100,unsigned_float
0x154,BMS_Voltages_1,BMS,Cell_V_5,0,16,0.00015,-3.4152,-3.4152,6.41505,V,100,unsigned_float
,BMS_Voltages_1,BMS,Cell_V_6,16,16,0.00015,-3.4152,-3.4152,6.41505,V,100,unsigned_float
,BMS_Voltages_1,BMS,Cell_V_7,32,16,0.00015,-3.4152,-3.4152,6.41505,V,100,unsigned_float
,BMS_Voltages_1,BMS,Cell_V_8,48,16,0.00015,-3.4152,-3.4152,6.41505,V,100,unsigned_float
0x155,BMS_Voltages_2,BMS,Cell_V_9,0,16,0.00015,-3.4152,-3.4152,6.41505,V,100,unsigned_float
,BMS_Voltages_2,BMS,Cell_V_10,16,16,0.00015,-3.4152,-3.4152,6.41505,V,100,unsigned_float
,BMS_Voltages_2,BMS,Cell_V_11,32,16,0.00015,-3.4152,-3.4152,6.41505,V,100,unsigned_float
,BMS_Voltages_2,BMS,Cell_V_12,48,16,0.00015,-3.4152,-3.4152,6.41505,V,100,unsigned_float
0x156,BMS_Voltages_3,BMS,Cell_V_13,0,16,0.00015,-3.4152,-3.4152,6.41505,V,100,unsigned_float
,BMS_Voltages_3,BMS,Cell_V_14,16,16,0.00015,-3.4152,-3.4152,6.41505,V,100,unsigned_float
,BMS_Voltages_3,BMS,Cell_V_15,32,16,0.00015,-3.4152,-3.4152,6.41505,V,100,unsigned_float
,BMS_Voltages_3,BMS,Cell_V_16,48,16,0.00015,-3.4152,-3.4152,6.41505,V,100,unsigned_float
0x157,BMS_Voltages_4,BMS,Cell_V_17,0,16,0.00015,-3.4152,-3.4152,6.41505,V,100,unsigned_float
,BMS_Voltages_4,BMS,Cell_V_18,16,16,0.00015,-3.4152,-3.4152,6.41505,V,100,unsigned_float
,BMS_Voltages_4,BMS,Cell_V_19,32,16,0.00015,-3.4152,-3.4152,6.41505,V,100,unsigned_float
,BMS_Voltages_4,BMS,Cell_V_20,48,16,0.00015,-3.4152,-3.4152,6.41505,V,100,unsigned_float
0x158,BMS_Voltages_5,BMS,Cell_V_21,0,16,0.00015,-3.4152,-3.4152,6.41505,V,100,unsigned_float
,BMS_Voltages_5,BMS,Cell_V_22,16,16,0.00015,-3.4152,-3.4152,6.41505,V,100,unsigned_float
,BMS_Voltages_5,BMS,Cell_V_23,32,16,0.00015,-3.4152,-3.4152,6.41505,V,100,unsigned_float
,BMS_Voltages_5,BMS,Cell_V_24,48,16,0.00015,-3.4152,-3.4152,6.41505,V,100,unsigned_float
0x159,BMS_Voltages_6,BMS,Cell_V_25,0,16,0.00015,-3.4152,-3.4152,6.41505,V,100,unsigned_float
,BMS_Voltages_6,BMS,Cell_V_26,16,16,0.00015,-3.4152,-3.4152,6.41505,V,100,unsigned_float
,BMS_Voltages_6,BMS,Cell_V_27,32,16,0.00015,-3.4152,-3.4152,6.41505,V,100,unsigned_float
,BMS_Voltages_6,BMS,Cell_V_28,48,16,0.00015,-3.4152,-3.4152,6.41505,V,100,unsigned_float
0x15A,BMS_Voltages_7,BMS,Cell_V_29,0,16,0.00015,-3.4152,-3.4152,6.41505,V,100,unsigned_float
,BMS_Voltages_7,BMS,Cell_V_30,16,16,0.00015,-3.4152,-3.4152,6.41505,V,100,unsigned_float
,BMS_Voltages_7,BMS,Cell_V_31,32,16,0.00015,-3.4152,-3.4152,6.41505,V,100,unsigned_float
,BMS_Voltages_7,BMS,Cell_V_32,48,16,0.00015,-3.4152,-3.4152,6.41505,V,100,unsigned_float
0x15B,BMS_Voltages_8,BMS,Cell_V_33,0,16,0.00015,-3.4152,-3.4152,6.41505,V,100,unsigned_float
,BMS_Voltages_8,BMS,Cell_V_34,16,16,0.00015,-3.4152,-3.4152,6.41505,V,100,unsigned_float
,BMS_Voltages_8,BMS,Cell_V_35,32,16,0.00015,-3.4152,-3.4152,6.41505,V,100,unsigned_float
,BMS_Voltages_8,BMS,Cell_V_36,48,16,0.00015,-3.4152,-3.4152,6.41505,V,100,unsigned_float
0x15C,BMS_Voltages_9,BMS,Cell_V_37,0,16,0.00015,-3.4152,-3.4152,6.41505,V,100,unsigned_float
,BMS_Voltages_9,BMS,Cell_V_38,16,16,0.00015,-3.4152,-3.4152,6.41505,V,100,unsigned_float
,BMS_Voltages_9,BMS,Cell_V_39,32,16,0.00015,-3.4152,-3.4152,6.41505,V,100,unsigned_float
,BMS_Voltages_9,BMS,Cell_V_40,48,16,0.00015,-3.4152,-3.4152,6.41505,V,100,unsigned_float
0x15D,BMS_Voltages_10,BMS,Cell_V_41,0,16,0.00015,-3.4152,-3.4152,6.41505,V,100,unsigned_float
,BMS_Voltages_10,BMS,Cell_V_42,16,16,0.00015,-3.4152,-3.4152,6.41505,V,100,unsigned_float
,BMS_Voltages_10,BMS,Cell_V_43,32,16,0.00015,-3.4152,-3.4152,6.41505,V,100,unsigned_float
,BMS_Voltages_10,BMS,Cell_V_44,48,16,0.00015,-3.4152,-3.4152,6.41505,V,100,unsigned_float
0x15E,BMS_Voltages_11,BMS,Cell_V_45,0,16,0.00015,-3.4152,-3.4152,6.41505,V,100,unsigned_float
,BMS_Voltages_11,BMS,Cell_V_46,16,16,0.00015,-3.4152,-3.4152,6.41505,V,100,unsigned_float
,BMS_Voltages_11,BMS,Cell_V_47,32,16,0.00015,-3.4152,-3.4152,6.41505,V,100,unsigned_float
,BMS_Voltages_11,BMS,Cell_V_48,48,16,0.00015,-3.4152,-3.4152,6.41505,V,100,unsigned_float
0x15F,BMS_Voltages_12,BMS,Cell_V_49,0,16,0.00015,-3.4152,-3.4152,6.41505,V,100,unsigned_float
,BMS_Voltages_12,BMS,Cell_V_50,16,16,0.00015,-3.4152,-3.4152,6.41505,V,100,unsigned_float
,BMS_Voltages_12,BMS,Cell_V_51,32,16,0.00015,-3.4152,-3.4152,6.41505,V,100,unsigned_float
,BMS_Voltages_12,BMS,Cell_V_52,48,16,0.00015,-3.4152,-3.4152,6.41505,V,100,unsigned_float
0x160,BMS_Voltages_13,BMS,Cell_V_53,0,16,0.00015,-3.4152,-3.4152,6.41505,V,100,unsigned_float
,BMS_Voltages_13,BMS,Cell_V_54,16,16,0.00015,-3.4152,-3.4152,6.41505,V,100,unsigned_float
,BMS_Voltages_13,BMS,Cell_V_55,32,16,0.00015,-3.4152,-3.4152,6.41505,V,100,unsigned_float
,BMS_Voltages_13,BMS,Cell_V_56,48,16,0.00015,-3.4152,-3.4152,6.41505,V,100,unsigned_float
0x161,BMS_Voltages_14,BMS,Cell_V_57,0,16,0.00015,-3.4152,-3.4152,6.41505,V,100,unsigned_float
,BMS_Voltages_14,BMS,Cell_V_58,16,16,0.00015,-3.4152,-3.4152,6.41505,V,100,unsigned_float
,BMS_Voltages_14,BMS,Cell_V_59,32,16,0.00015,-3.4152,-3.4152,6.41505,V,100,unsigned_float
,BMS_Voltages_14,BMS,Cell_V_60,48,16,0.00015,-3.4152,-3.4152,6.41505,V,100,unsigned_float
0x162,BMS_Voltages_15,BMS,Cell_V_61,0,16,0.00015,-3.4152,-3.4152,6.41505,V,100,unsigned_float
,BMS_Voltages_15,BMS,Cell_V_62,16,16,0.00015,-3.4152,-3.4152,6.41505,V,100,unsigned_float
,BMS_Voltages_15,BMS,Cell_V_63,32,16,0.00015,-3.4152,-3.4152,6.41505,V,100,unsigned_float
,BMS_Voltages_15,BMS,Cell_V_64,48,16,0.00015,-3.4152,-3.4152,6.41505,V,100,unsigned_float
0x163,BMS_Voltages_16,BMS,Cell_V_65,0,16,0.00015,-3.4152,-3.4152,6.41505,V,100,unsigned_float
,BMS_Voltages_16,BMS,Cell_V_66,16,16,0.00015,-3.4152,-3.4152,6.41505,V,100,unsigned_float
,BMS_Voltages_16,BMS,Cell_V_67,32,16,0.00015,-3.4152,-3.4152,6.41505,V,100,unsigned_float
,BMS_Voltages_16,BMS,Cell_V_68,48,16,0.00015,-3.4152,-3.4152,6.41505,V,100,unsigned_float
0x164,BMS_Voltages_17,BMS,Cell_V_69,0,16,0.00015,-3.4152,-3.4152,6.41505,V,100,unsigned_float
,BMS_Voltages_17,BMS,Cell_V_70,16,16,0.00015,-3.4152,-3.4152,6.41505,V,100,unsigned_float
,BMS_Voltages_17,BMS,Cell_V_71,32,16,0.00015,-3.4152,-3.4152,6.41505,V,100,unsigned_float
,BMS_Voltages_17,BMS,Cell_V_72,48,16,0.00015,-3.4152,-3.4152,6.41505,V,100,unsigned_float
0x165,BMS_Voltages_18,BMS,Cell_V_73,0,16,0.00015,-3.4152,-3.4152,6.41505,V,100,unsigned_float
,BMS_Voltages_18,BMS,Cell_V_74,16,16,0.00015,-3.4152,-3.4152,6.41505,V,100,unsigned_float
,BMS_Voltages_18,BMS,Cell_V_75,32,16,0.00015,-3.4152,-3.4152,6.41505,V,100,unsigned_float
,BMS_Voltages_18,BMS,Cell_V_76,48,16,0.00015,-3.4152,-3.4152,6.41505,V,100,unsigned_float
0x166,BMS_Voltages_19,BMS,Cell_V_77,0,16,0.00015,-3.4152,-3.4152,6.41505,V,100,unsigned_float
,BMS_Voltages_19,BMS,Cell_V_78,16,16,0.00015,-3.4152,-3.4152,6.41505,V,100,unsigned_float
,BMS_Voltages_19,BMS,Cell_V_79,32,16,0.00015,-3.4152,-3.4152,6.41505,V,100,unsigned_float
,BMS_Voltages_19,BMS,Cell_V_80,48,16,0.00015,-3.4152,-3.4152,6.41505,V,100,unsigned_float
0x167,BMS_Voltages_20,BMS,Cell_V_81,0,16,0.00015,-3.4152,-3.4152,6.41505,V,100,unsigned_float
,BMS_Voltages_20,BMS,Cell_V_82,16,16,0.00015,-3.4152,-3.4152,6.41505,V,100,unsigned_float
,BMS_Voltages_20,BMS,Cell_V_83,32,16,0.00015,-3.4152,-3.4152,6.41505,V,100,unsigned_float
,BMS_Voltages_20,BMS,Cell_V_84,48,16,0.00015,-3.4152,-3.4152,6.41505,V,100,unsigned_float
0x168,BMS_Voltages_21,BMS,Cell_V_85,0,16,0.00015,-3.4152,-3.4152,6.41505,V,100,unsigned_float
,BMS_Voltages_21,BMS,Cell_V_86,16,16,0.00015,-3.4152,-3.4152,6.41505,V,100,unsigned_float
,BMS_Voltages_21,BMS,Cell_V_87,32,16,0.00015,-3.4152,-3.4152,6.41505,V,100,unsigned_float
,BMS_Voltages_21,BMS,Cell_V_88,48,16,0.00015,-3.4152,-3.4152,6.41505,V,100,unsigned_float
0x169,BMS_Voltages_22,BMS,Cell_V_89,0,16,0.00015,-3.4152,-3.4152,6.41505,V,100,unsigned_float
,BMS_Voltages_22,BMS,Cell_V_90,16,16,0.00015,-3.4152,-3.4152,6.41505,V,100,unsigned_float
,BMS_Voltages_22,BMS,Cell_V_91,32,16,0.00015,-3.4152,-3.4152,6.41505,V,100,unsigned_float
,BMS_Voltages_22,BMS,Cell_V_92,48,16,0.00015,-3.4152,-3.4152,6.41505,V,100,unsigned_float
0x16A,BMS_Voltages_23,BMS,Cell_V_93,0,16,0.00015,-3.4152,-3.4152,6.41505,V,100,unsigned_float
,BMS_Voltages_23,BMS,Cell_V_94,16,16,0.00015,-3.4152,-3.4152,6.41505,V,100,unsigned_float
,BMS_Voltages_23,BMS,Cell_V_95,32,16,0.00015,-3.4152,-3.4152,6.41505,V,100,unsigned_float
,BMS_Voltages_23,BMS,Cell_V_96,48,16,0.00015,-3.4152,-3.4152,6.41505,V,100,unsigned_float
0x16B,BMS_Voltages_24,BMS,Cell_V_97,0,16,0.00015,-3.4152,-3.4152,6.41505,V,100,unsigned_float
,BMS_Voltages_24,BMS,Cell_V_98,16,16,0.00015,-3.4152,-3.4152,6.41505,V,100,unsigned_float
,BMS_Voltages_24,BMS,Cell_V_99,32,16,0.00015,-3.4152,-3.4152,6.41505,V,100,unsigned_float
,BMS_Voltages_24,BMS,Cell_V_100,48,16,0.00015,-3.4152,-3.4152,6.41505,V,100,unsigned_float
0x16C,BMS_Voltages_25,BMS,Cell_V_101,0,16,0.00015,-3.4152,-3.4152,6.41505,V,100,unsigned_float
,BMS_Voltages_25,BMS,Cell_V_102,16,16,0.00015,-3.4152,-3.4152,6.41505,V,100,unsigned_float
,BMS_Voltages_25,BMS,Cell_V_103,32,16,0.00015,-3.4152,-3.4152,6.41505,V,100,unsigned_float
,BMS_Voltages_25,BMS,Cell_V_104,48,16,0.00015,-3.4152,-3.4152,6.41505,V,100,unsigned_float
0x16D,BMS_Voltages_26,BMS,Cell_V_105,0,16,0.00015,-3.4152,-3.4152,6.41505,V,100,unsigned_float
,BMS_Voltages_26,BMS,Cell_V_106,16,16,0.00015,-3.4152,-3.4152,6.41505,V,100,unsigned_float
,BMS_Voltages_26,BMS,Cell_V_107,32,16,0.00015,-3.4152,-3.4152,6.41505,V,100,unsigned_float
,BMS_Voltages_26,BMS,Cell_V_108,48,16,0.00015,-3.4152,-3.4152,6.41505,V,100,unsigned_float
0x16E,BMS_Voltages_27,BMS,Cell_V_109,0,16,0.00015,-3.4152,-3.4152,6.41505,V,100,unsigned_float
,BMS_Voltages_27,BMS,Cell_V_110,16,16,0.00015,-3.4152,-3.4152,6.41505,V,100,unsigned_float
,BMS_Voltages_27,BMS,Cell_V_111,32,16,0.00015,-3.4152,-3.4152,6.41505,V,100,unsigned_float
,BMS_Voltages_27,BMS,Cell_V_112,48,16,0.00015,-3.4152,-3.4152,6.41505,V,100,unsigned_float
0x16F,BMS_Voltages_28,BMS,Cell_V_113,0,16,0.00015,-3.4152,-3.4152,6.41505,V,100,unsigned_float
,BMS_Voltages_28,BMS,Cell_V_114,16,16,0.00015,-3.4152,-3.4152,6.41505,V,100,unsigned_float
,BMS_Voltages_28,BMS,Cell_V_115,32,16,0.00015,-3.4152,-3.4152,6.41505,V,100,unsigned_float
0x170,BMS_Temperatures_0,BMS,Cell_T_1,0,8,0.5,-20,-20,100,C,200,unsigned_float
,BMS_Temperatures_0,BMS,Cell_T_2,8,8,0.5,-20,-20,100,C,200,unsigned_float
,BMS_Temperatures_0,BMS,Cell_T_3,16,8,0.5,-20,-20,100,C,200,unsigned_float
,BMS_Temperatures_0,BMS,Cell_T_4,24,8,0.5,-20,-20,100,C,200,unsigned_float
,BMS_Temperatures_0,BMS,Cell_T_5,32,8,0.5,-20,-20,100,C,200,unsigned_float
,BMS_Temperatures_0,BMS,Cell_T_6,40,8,0.5,-20,-20,100,C,200,unsigned_float
,BMS_Temperatures_0,BMS,Cell_T_7,48,8,0.5,-20,-20,100,C,200,unsigned_float
,BMS_Temperatures_0,BMS,Cell_T_8,56,8,0.5,-20,-20,100,C,200,unsigned_float
0x171,BMS_Temperatures_1,BMS,Cell_T_9,0,8,0.5,-20,-20,100,C,200,unsigned_float
,BMS_Temperatures_1,BMS,Cell_T_10,8,8,0.5,-20,-20,100,C,200,unsigned_float
,BMS_Temperatures_1,BMS,Cell_T_11,16,8,0.5,-20,-20,100,C,200,unsigned_float
,BMS_Temperatures_1,BMS,Cell_T_12,24,8,0.5,-20,-20,100,C,200,unsigned_float
,BMS_Temperatures_1,BMS,Cell_T_13,32,8,0.5,-20,-20,100,C,200,unsigned_float
,BMS_Temperatures_1,BMS,Cell_T_14,40,8,0.5,-20,-20,100,C,200,unsigned_float
,BMS_Temperatures_1,BMS,Cell_T_15,48,8,0.5,-20,-20,100,C,200,unsigned_float
,BMS_Temperatures_1,BMS,Cell_T_16,56,8,0.5,-20,-20,100,C,200,unsigned_float
0x172,BMS_Temperatures_2,BMS,Cell_T_17,0,8,0.5,-20,-20,100,C,200,unsigned_float
,BMS_Temperatures_2,BMS,Cell_T_18,8,8,0.5,-20,-20,100,C,200,unsigned_float
,BMS_Temperatures_2,BMS,Cell_T_19,16,8,0.5,-20,-20,100,C,200,unsigned_float
,BMS_Temperatures_2,BMS,Cell_T_20,24,8,0.5,-20,-20,100,C,200,unsigned_float
,BMS_Temperatures_2,BMS,Cell_T_21,32,8,0.5,-20,-20,100,C,200,unsigned_float
,BMS_Temperatures_2,BMS,Cell_T_22,40,8,0.5,-20,-20,100,C,200,unsigned_float
,BMS_Temperatures_2,BMS,Cell_T_23,48,8,0.5,-20,-20,100,C,200,unsigned_float
,BMS_Temperatures_2,BMS,Cell_T_24,56,8,0.5,-20,-20,100,C,200,unsigned_float
0x173,BMS_Temperatures_3,BMS,Cell_T_25,0,8,0.5,-20,-20,100,C,200,unsigned_float
,BMS_Temperatures_3,BMS,Cell_T_26,8,8,0.5,-20,-20,100,C,200,unsigned_float
,BMS_Temperatures_3,BMS,Cell_T_27,16,8,0.5,-20,-20,100,C,200,unsigned_float
,BMS_Temperatures_3,BMS,Cell_T_28,24,8,0.5,-20,-20,100,C,200,unsigned_float
,BMS_Temperatures_3,BMS,Cell_T_29,32,8,0.5,-20,-20,100,C,200,unsigned_float
,BMS_Temperatures_3,BMS,Cell_T_30,40,8,0.5,-20,-20,100,C,200,unsigned_float
,BMS_Temperatures_3,BMS,Cell_T_31,48,8,0.5,-20,-20,100,C,200,unsigned_float
,BMS_Temperatures_3,BMS,Cell_T_32,56,8,0.5,-20,-20,100,C,200,unsigned_float
0x174,BMS_Temperatures_4,BMS,Cell_T_33,0,8,0.5,-20,-20,100,C,200,unsigned_float
,BMS_Temperatures_4,BMS,Cell_T_34,8,8,0.5,-20,-20,100,C,200,unsigned_float
,BMS_Temperatures_4,BMS,Cell_T_35,16,8,0.5,-20,-20,100,C,200,unsigned_float
,BMS_Temperatures_4,BMS,Cell_T_36,24,8,0.5,-20,-20,100,C,200,unsigned_float
,BMS_Temperatures_4,BMS,Cell_T_37,32,8,0.5,-20,-20,100,C,200,unsigned_float
,BMS_Temperatures_4,BMS,Cell_T_38,40,8,0.5,-20,-20,100,C,200,unsigned_float
,BMS_Temperatures_4,BMS,Cell_T_39,48,8,0.5,-20,-20,100,C,200,unsigned_float
,BMS_Temperatures_4,BMS,Cell_T_40,56,8,0.5,-20,-20,100,C,200,unsigned_float
0x175,BMS_Temperatures_5,BMS,Cell_T_41,0,8,0.5,-20,-20,100,C,200,unsigned_float
,BMS_Temperatures_5,BMS,Cell_T_42,8,8,0.5,-20,-20,100,C,200,unsigned_float
,BMS_Temperatures_5,BMS,Cell_T_43,16,8,0.5,-20,-20,100,C,200,unsigned_float
,BMS_Temperatures_5,BMS,Cell_T_44,24,8,0.5,-20,-20,100,C,200,unsigned_float
,BMS_Temperatures_5,BMS,Cell_T_45,32,8,0.5,-20,-20,100,C,200,unsigned_float
,BMS_Temperatures_5,BMS,Cell_T_46,40,8,0.5,-20,-20,100,C,200,unsigned_float
,BMS_Temperatures_5,BMS,Cell_T_47,48,8,0.5,-20,-20,100,C,200,unsigned_float
,BMS_Temperatures_5,BMS,Cell_T_48,56,8,0.5,-20,-20,100,C,200,unsigned_float
0x176,BMS_Temperatures_6,BMS,Cell_T_49,0,8,0.5,-20,-20,100,C,200,unsigned_float
,BMS_Temperatures_6,BMS,Cell_T_50,8,8,0.5,-20,-20,100,C,200,unsigned_float
,BMS_Temperatures_6,BMS,Cell_T_51,16,8,0.5,-20,-20,100,C,200,unsigned_float
,BMS_Temperatures_6,BMS,Cell_T_52,24,8,0.5,-20,-20,100,C,200,unsigned_float
,BMS_Temperatures_6,BMS,Cell_T_53,32,8,0.5,-20,-20,100,C,200,unsigned_float
,BMS_Temperatures_6,BMS,Cell_T_54,40,8,0.5,-20,-20,100,C,200,unsigned_float
,BMS_Temperatures_6,BMS,Cell_T_55,48,8,0.5,-20,-20,100,C,200,unsigned_float
,BMS_Temperatures_6,BMS,Cell_T_56,56,8,0.5,-20,-20,100,C,200,unsigned_float
0x177,BMS_Temperatures_7,BMS,Cell_T_57,0,8,0.5,-20,-20,100,C,200,unsigned_float
,BMS_Temperatures_7,BMS,Cell_T_58,8,8,0.5,-20,-20,100,C,200,unsigned_float
,BMS_Temperatures_7,BMS,Cell_T_59,16,8,0.5,-20,-20,100,C,200,unsigned_float
,BMS_Temperatures_7,BMS,Cell_T_60,24,8,0.5,-20,-20,100,C,200,unsigned_float
,BMS_Temperatures_7,BMS,Cell_T_61,32,8,0.5,-20,-20,100,C,200,unsigned_float
,BMS_Temperatures_7,BMS,Cell_T_62,40,8,0.5,-20,-20,100,C,200,unsigned_float
,BMS_Temperatures_7,BMS,Cell_T_63,48,8,0.5,-20,-20,100,C,200,unsigned_float
,BMS_Temperatures_7,BMS,Cell_T_64,56,8,0.5,-20,-20,100,C,200,unsigned_float
0x178,BMS_Temperatures_8,BMS,Cell_T_65,0,8,0.5,-20,-20,100,C,200,unsigned_float
,BMS_Temperatures_8,BMS,Cell_T_66,8,8,0.5,-20,-20,100,C,200,unsigned_float
,BMS_Temperatures_8,BMS,Cell_T_67,16,8,0.5,-20,-20,100,C,200,unsigned_float
,BMS_Temperatures_8,BMS,Cell_T_68,24,8,0.5,-20,-20,100,C,200,unsigned_float
,BMS_Temperatures_8,BMS,Cell_T_69,32,8,0.5,-20,-20,100,C,200,unsigned_float
,BMS_Temperatures_8,BMS,Cell_T_70,40,8,0.5,-20,-20,100,C,200,unsigned_float
,BMS_Temperatures_8,BMS,Cell_T_71,48,8,0.5,-20,-20,100,C,200,unsigned_float
,BMS_Temperatures_8,BMS,Cell_T_72,56,8,0.5,-20,-20,100,C,200,unsigned_float
0x179,BMS_Temperatures_9,BMS,Cell_T_73,0,8,0.5,-20,-20,100,C,200,unsigned_float
,BMS_Temperatures_9,BMS,Cell_T_74,8,8,0.5,-20,-20,100,C,200,unsigned_float
,BMS_Temperatures_9,BMS,Cell_T_75,16,8,0.5,-20,-20,100,C,200,unsigned_float
,BMS_Temperatures_9,BMS,Cell_T_76,24,8,0.5,-20,-20,100,C,200,unsigned_float
,BMS_Temperatures_9,BMS,Cell_T_77,32,8,0.5,-20,-20,100,C,200,unsigned_float
,BMS_Temperatures_9,BMS,Cell_T_78,40,8,0.5,-20,-20,100,C,200,unsigned_float
,BMS_Temperatures_9,BMS,Cell_T_79,48,8,0.5,-20,-20,100,C,200,unsigned_float
,BMS_Temperatures_9,BMS,Cell_T_80,56,8,0.5,-20,-20,100,C,200,unsigned_float
0x17A,BMS_Temperatures_10,BMS,Cell_T_81,0,8,0.5,-20,-20,100,C,200,unsigned_float
,BMS_Temperatures_10,BMS,Cell_T_82,8,8,0.5,-20,-20,100,C,200,unsigned_float
,BMS_Temperatures_10,BMS,Cell_T_83,16,8,0.5,-20,-20,100,C,200,unsigned_float
,BMS_Temperatures_10,BMS,Cell_T_84,24,8,0.5,-20,-20,100,C,200,unsigned_float
,BMS_Temperatures_10,BMS,Cell_T_85,32,8,0.5,-20,-20,100,C,200,unsigned_float
,BMS_Temperatures_10,BMS,Cell_T_86,40,8,0.5,-20,-20,100,C,200,unsigned_float
,BMS_Temperatures_10,BMS,Cell_T_87,48,8,0.5,-20,-20,100,C,200,unsigned_float
,BMS_Temperatures_10,BMS,Cell_T_88,56,8,0.5,-20,-20,100,C,200,unsigned_float
0x17B,BMS_Temperatures_11,BMS,Cell_T_89,0,8,0.5,-20,-20,100,C,200,unsigned_float
,BMS_Temperatures_11,BMS,Cell_T_90,8,8,0.5,-20,-20,100,C,200,unsigned_float
,BMS_Temperatures_11,BMS,Cell_T_91,16,8,0.5,-20,-20,100,C,200,unsigned_float
,BMS_Temperatures_11,BMS,Cell_T_92,24,8,0.5,-20,-20,100,C,200,unsigned_float
,BMS_Temperatures_11,BMS,Cell_T_93,32,8,0.5,-20,-20,100,C,200,unsigned_float
,BMS_Temperatures_11,BMS,Cell_T_94,40,8,0.5,-20,-20,100,C,200,unsigned_float
,BMS_Temperatures_11,BMS,Cell_T_95,48,8,0.5,-20,-20,100,C,200,unsigned_float
,BMS_Temperatures_11,BMS,Cell_T_96,56,8,0.5,-20,-20,100,C,200,unsigned_float
0x17C,BMS_Temperatures_12,BMS,Cell_T_97,0,8,0.5,-20,-20,100,C,200,unsigned_float
,BMS_Temperatures_12,BMS,Cell_T_98,8,8,0.5,-20,-20,100,C,200,unsigned_float
,BMS_Temperatures_12,BMS,Cell_T_99,16,8,0.5,-20,-20,100,C,200,unsigned_float
,BMS_Temperatures_12,BMS,Cell_T_100,24,8,0.5,-20,-20,100,C,200,unsigned_float
0x004,CAN2USB_Controller_Error,CAN2USB Error Frame,Controller_Error,0,64,1,0,,,"Controller errors (data[1]):
0x00: CAN_ERR_CRTL_UNSPEC /* unspecified */
0x01: CAN_ERR_CRTL_RX_OVERFLOW /* RX buffer overflow */
0x02: CAN_ERR_CRTL_TX_OVERFLOW /* TX buffer overflow */
0x04: CAN_ERR_CRTL_RX_WARNING /* reached warning level for RX errors */
0x08: CAN_ERR_CRTL_TX_WARNING /* reached warning level for TX errors */
0x10: CAN_ERR_CRTL_RX_PASSIVE /* reached error passive status RX */
0x20: CAN_ERR_CRTL_TX_PASSIVE /* reached error passive status TX */
0x40: CAN_ERR_CRTL_ACTIVE /* recovered to error active state */",,uint64_t
0x024,CAN2USB_Controller_Error_NACK_Error,CAN2USB Error Frame,Controller_Error_NACK,0,64,1,0,,,"Controller errors (data[1]):
0x00: CAN_ERR_CRTL_UNSPEC /* unspecified */
0x01: CAN_ERR_CRTL_RX_OVERFLOW /* RX buffer overflow */
0x02: CAN_ERR_CRTL_TX_OVERFLOW /* TX buffer overflow */
0x04: CAN_ERR_CRTL_RX_WARNING /* reached warning level for RX errors */
0x08: CAN_ERR_CRTL_TX_WARNING /* reached warning level for TX errors */
0x10: CAN_ERR_CRTL_RX_PASSIVE /* reached error passive status RX */
0x20: CAN_ERR_CRTL_TX_PASSIVE /* reached error passive status TX */
0x40: CAN_ERR_CRTL_ACTIVE /* recovered to error active state */",,uint64_t
0x00C,CAN2USB_Controller_Error_Protocol_Violation,CAN2USB Error Frame,Controller_Error_Protocol_Violation,0,64,1,0,,,"Controller errors (data[1]):
0x00: CAN_ERR_CRTL_UNSPEC /* unspecified */
0x01: CAN_ERR_CRTL_RX_OVERFLOW /* RX buffer overflow */
0x02: CAN_ERR_CRTL_TX_OVERFLOW /* TX buffer overflow */
0x04: CAN_ERR_CRTL_RX_WARNING /* reached warning level for RX errors */
0x08: CAN_ERR_CRTL_TX_WARNING /* reached warning level for TX errors */
0x10: CAN_ERR_CRTL_RX_PASSIVE /* reached error passive status RX */
0x20: CAN_ERR_CRTL_TX_PASSIVE /* reached error passive status TX */
0x40: CAN_ERR_CRTL_ACTIVE /* recovered to error active state */

Protocol violation error types (data[2]):
0x00: CAN_ERR_PROT_UNSPEC /* unspecified */
0x01: CAN_ERR_PROT_BIT /* single bit error */
0x02: CAN_ERR_PROT_FORM  /* frame format error */
0x04: CAN_ERR_PROT_STUFF /* bit stuffing error */
0x08: CAN_ERR_PROT_BIT0 /* unable to send dominant bit */
0x10: CAN_ERR_PROT_BIT1 /* unable to send recessive bit */
0x20: CAN_ERR_PROT_OVERLOAD /* bus overload */
0x40: CAN_ERR_PROT_ACTIVE /* active error announcement */
0x80: CAN_ERR_PROT_TX /* error occurred on transmission */

Protocol violation error locations (data[3]):
0x00: CAN_ERR_PROT_LOC_UNSPEC /* unspecified */
0x03: CAN_ERR_PROT_LOC_SOF /* start of frame */
0x02: CAN_ERR_PROT_LOC_ID28_21 /* ID bits 28 - 21 (SFF: 10 - 3) */
0x06: CAN_ERR_PROT_LOC_ID20_18 /* ID bits 20 - 18 (SFF: 2 - 0 )*/
0x04: CAN_ERR_PROT_LOC_SRTR /* substitute RTR (SFF: RTR) */
0x05: CAN_ERR_PROT_LOC_IDE /* identifier extension */
0x07: CAN_ERR_PROT_LOC_ID17_13 /* ID bits 17-13 */
0x0F: CAN_ERR_PROT_LOC_ID12_05 /* ID bits 12-5 */
0x0E: CAN_ERR_PROT_LOC_ID04_00 /* ID bits 4-0 */
0x0C: CAN_ERR_PROT_LOC_RTR /* RTR */
0x0D: CAN_ERR_PROT_LOC_RES1 /* reserved bit 1 */
0x09: CAN_ERR_PROT_LOC_RES0 /* reserved bit 0 */
0x0B: CAN_ERR_PROT_LOC_DLC /* data length code */
0x0A:  CAN_ERR_PROT_LOC_DATA /* data section */
0x08: CAN_ERR_PROT_LOC_CRC_SEQ /* CRC sequence */
0x18: CAN_ERR_PROT_LOC_CRC_DEL /* CRC delimiter */
0x19: CAN_ERR_PROT_LOC_ACK /* ACK slot */
0x1B: CAN_ERR_PROT_LOC_ACK_DEL /* ACK delimiter */
0x1A: CAN_ERR_PROT_LOC_EOF /* end of frame */
0x12: CAN_ERR_PROT_LOC_INTERM /* intermission */",,uint64_t
0x530,BR_Broker_Temp1,DAQ-BR-Wheel,BR_Tire_Temp_0,0,16,0.01,0,0,60,Celcius,1000,float
,BR_Broker_Temp1,DAQ-BR-Wheel,BR_Tire_Temp_1,16,16,0.01,0,0,60,Celcius,1000,float
,BR_Broker_Temp1,DAQ-BR-Wheel,BR_Tire_Temp_2,32,16,0.01,0,0,60,Celcius,1000,float
,BR_Broker_Temp1,DAQ-BR-Wheel,BR_Tire_Temp_3,48,16,0.01,0,0,60,Celcius,1000,float
0x531,BR_Broker_Temp2,DAQ-BR-Wheel,BR_Tire_Temp_4,0,16,0.01,0,0,60,Celcius,1000,float
,BR_Broker_Temp2,DAQ-BR-Wheel,BR_Tire_Temp_5,16,16,0.01,0,0,60,Celcius,1000,float
,BR_Broker_Temp2,DAQ-BR-Wheel,BR_Tire_Temp_6,32,16,0.01,0,0,60,Celcius,1000,float
,BR_Broker_Temp2,DAQ-BR-Wheel,BR_Tire_Temp_7,48,16,0.01,0,0,60,Celcius,1000,float
0x538,BR_Broker_Sus_Uncalibrated,DAQ-BR-Wheel,BR_Strain_Gauge_Uncalibrated,0,32,1,0,-8388608,8388607,ADC Values,10,int32_t
,BR_Broker_Sus_Uncalibrated,DAQ-BR-Wheel,BR_Sus_Pot_Uncalibrated,32,32,1,0,0,4095,ADC Values,10,uint32_t
0x540,BR_Broker_CAN_Error_Msg,DAQ-BR-Wheel,BR_Strain_Gauge_Error,0,16,1,0,0,1,Bool,1000,int16_t
,BR_Broker_CAN_Error_Msg,DAQ-BR-Wheel,BR_Sus_Pot_Error,16,16,1,0,0,1,Bool,1000,int16_t
,BR_Broker_CAN_Error_Msg,DAQ-BR-Wheel,BR_Tire_Temp_Error,32,16,1,0,0,1,Bool,1000,int16_t
,BR_Broker_CAN_Error_Msg,DAQ-BR-Wheel,BR_Heartbeat_Count,48,16,1,0,0,65536,HAL Tick,1000,int16_t
0x570,BR_Broker_Sus_Calibrated,DAQ-BR-Wheel,BR_Strain_Gauge_Calibrated,0,32,1,0,-8388608,8388607,lbs,10,float
,BR_Broker_Sus_Calibrated,DAQ-BR-Wheel,BR_Sus_Pot_Calibrated,32,32,1,0,0,4095,ADC Values,10,float
0x532,BL_Broker_Temp1,DAQ-BL-Wheel,BL_Tire_Temp_0,0,16,0.01,0,0,60,Celcius,1000,float
,BL_Broker_Temp1,DAQ-BL-Wheel,BL_Tire_Temp_1,16,16,0.01,0,0,60,Celcius,1000,float
,BL_Broker_Temp1,DAQ-BL-Wheel,BL_Tire_Temp_2,32,16,0.01,0,0,60,Celcius,1000,float
,BL_Broker_Temp1,DAQ-BL-Wheel,BL_Tire_Temp_3,48,16,0.01,0,0,60,Celcius,1000,float
0x533,BL_Broker_Temp2,DAQ-BL-Wheel,BL_Tire_Temp_4,0,16,0.01,0,0,60,Celcius,1000,float
,BL_Broker_Temp2,DAQ-BL-Wheel,BL_Tire_Temp_5,16,16,0.01,0,0,60,Celcius,1000,float
,BL_Broker_Temp2,DAQ-BL-Wheel,BL_Tire_Temp_6,32,16,0.01,0,0,60,Celcius,1000,float
,BL_Broker_Temp2,DAQ-BL-Wheel,BL_Tire_Temp_7,48,16,0.01,0,0,60,Celcius,1000,float
0x53A,BL_Broker_Sus_Uncalibrated,DAQ-BL-Wheel,BL_Strain_Gauge_Uncalibrated,0,32,1,0,-8388608,8388607,ADC Values,10,int32_t
,BL_Broker_Sus_Uncalibrated,DAQ-BL-Wheel,BL_Sus_Pot_Uncalibrated,32,32,1,0,0,4095,ADC Values,10,uint32_t
0x541,BL_Broker_CAN_Error_Msg,DAQ-BL-Wheel,BL_Strain_Gauge_Error,0,16,1,0,0,1,Bool,1000,int16_t
,BL_Broker_CAN_Error_Msg,DAQ-BL-Wheel,BL_Sus_Pot_Error,16,16,1,0,0,1,Bool,1000,int16_t
,BL_Broker_CAN_Error_Msg,DAQ-BL-Wheel,BL_Tire_Temp_Error,32,16,1,0,0,1,Bool,1000,int16_t
,BL_Broker_CAN_Error_Msg,DAQ-BL-Wheel,BL_Heartbeat_Count,48,16,1,0,0,65536,HAL Tick,1000,int16_t
0x571,BL_Broker_Sus_Calibrated,DAQ-BL-Wheel,BL_Strain_Gauge_Calibrated,0,32,1,0,-8388608,8388607,lbs,10,float
,BL_Broker_Sus_Calibrated,DAQ-BL-Wheel,BL_Sus_Pot_Calibrated,32,32,1,0,0,4095,ADC Values,10,float
0x534,FR_Broker_Temp1,DAQ-FR-Wheel,FR_Tire_Temp_0,0,16,0.01,0,0,60,Celcius,1000,float
,FR_Broker_Temp1,DAQ-FR-Wheel,FR_Tire_Temp_1,16,16,0.01,0,0,60,Celcius,1000,float
,FR_Broker_Temp1,DAQ-FR-Wheel,FR_Tire_Temp_2,32,16,0.01,0,0,60,Celcius,1000,float
,FR_Broker_Temp1,DAQ-FR-Wheel,FR_Tire_Temp_3,48,16,0.01,0,0,60,Celcius,1000,float
0x535,FR_Broker_Temp2,DAQ-FR-Wheel,FR_Tire_Temp_4,0,16,0.01,0,0,60,Celcius,1000,float
,FR_Broker_Temp2,DAQ-FR-Wheel,FR_Tire_Temp_5,16,16,0.01,0,0,60,Celcius,1000,float
,FR_Broker_Temp2,DAQ-FR-Wheel,FR_Tire_Temp_6,32,16,0.01,0,0,60,Celcius,1000,float
,FR_Broker_Temp2,DAQ-FR-Wheel,FR_Tire_Temp_7,48,16,0.01,0,0,60,Celcius,1000,float
0x53C,FR_Broker_Sus_Uncalibrated,DAQ-FR-Wheel,FR_Strain_Gauge_Uncalibrated,0,32,1,0,-8388608,8388607,ADC Values,10,int32_t
,FR_Broker_Sus_Uncalibrated,DAQ-FR-Wheel,FR_Sus_Pot_Uncalibrated,32,32,1,0,0,4095,ADC Values,10,uint32_t
0x542,FR_Broker_CAN_Error_Msg,DAQ-FR-Wheel,FR_Strain_Gauge_Error,0,16,1,0,0,1,Bool,1000,int16_t
,FR_Broker_CAN_Error_Msg,DAQ-FR-Wheel,FR_Sus_Pot_Error,16,16,1,0,0,1,Bool,1000,int16_t
,FR_Broker_CAN_Error_Msg,DAQ-FR-Wheel,FR_Tire_Temp_Error,32,16,1,0,0,1,Bool,1000,int16_t
,FR_Broker_CAN_Error_Msg,DAQ-FR-Wheel,FR_Heartbeat_Count,48,16,1,0,0,65536,HAL Tick,1000,int16_t
0x572,FR_Broker_Sus_Calibrated,DAQ-FR-Wheel,FR_Strain_Gauge_Calibrated,0,32,1,0,-8388608,8388607,lbs,10,float
,FR_Broker_Sus_Calibrated,DAQ-FR-Wheel,FR_Sus_Pot_Calibrated,32,32,1,0,0,4095,ADC Values,10,float
0x536,FL_Broker_Temp1,DAQ-FL-Wheel,FL_Tire_Temp_0,0,16,0.01,0,0,60,Celcius,1000,float
,FL_Broker_Temp1,DAQ-FL-Wheel,FL_Tire_Temp_1,16,16,0.01,0,0,60,Celcius,1000,float
,FL_Broker_Temp1,DAQ-FL-Wheel,FL_Tire_Temp_2,32,16,0.01,0,0,60,Celcius,1000,float
,FL_Broker_Temp1,DAQ-FL-Wheel,FL_Tire_Temp_3,48,16,0.01,0,0,60,Celcius,1000,float
0x537,FL_Broker_Temp2,DAQ-FL-Wheel,FL_Tire_Temp_4,0,16,0.01,0,0,60,Celcius,1000,float
,FL_Broker_Temp2,DAQ-FL-Wheel,FL_Tire_Temp_5,16,16,0.01,0,0,60,Celcius,1000,float
,FL_Broker_Temp2,DAQ-FL-Wheel,FL_Tire_Temp_6,32,16,0.01,0,0,60,Celcius,1000,float
,FL_Broker_Temp2,DAQ-FL-Wheel,FL_Tire_Temp_7,48,16,0.01,0,0,60,Celcius,1000,float
0x53E,FL_Broker_Sus_Uncalibrated,DAQ-FL-Wheel,FL_Strain_Gauge_Uncalibrated,0,32,1,0,-8388608,8388607,ADC Values,10,int32_t
,FL_Broker_Sus_Uncalibrated,DAQ-FL-Wheel,FL_Sus_Pot_Uncalibrated,32,32,1,0,0,4095,ADC Values,10,uint32_t
0x543,FL_Broker_CAN_Error_Msg,DAQ-FL-Wheel,FL_Strain_Gauge_Error,0,16,1,0,0,1,Bool,1000,int16_t
,FL_Broker_CAN_Error_Msg,DAQ-FL-Wheel,FL_Sus_Pot_Error,16,16,1,0,0,1,Bool,1000,int16_t
,FL_Broker_CAN_Error_Msg,DAQ-FL-Wheel,FL_Tire_Temp_Error,32,16,1,0,0,1,Bool,1000,int16_t
,FL_Broker_CAN_Error_Msg,DAQ-FL-Wheel,FL_Heartbeat_Count,48,16,1,0,0,65536,HAL Tick,1000,int16_t
0x573,FL_Broker_Sus_Calibrated,DAQ-FL-Wheel,FL_Strain_Gauge_Calibrated,0,32,1,0,-8388608,8388607,lbs,10,float
,FL_Broker_Sus_Calibrated,DAQ-FL-Wheel,FL_Sus_Pot_Calibrated,32,32,1,0,0,4095,ADC Values,10,float
0x550,IMU_Acceleration,DAQ-IMU,X_Axis_Acceleration,0,21,0.00012208,0,-160,160,m/s^2,200,float
,IMU_Acceleration,DAQ-IMU,Y_Axis_Acceleration,21,21,0.00012208,0,-160,160,m/s^2,200,float
,IMU_Acceleration,DAQ-IMU,Z_Axis_Acceleration,42,21,0.00012208,0,-160,160,m/s^2,200,float
0x551,IMU_Yaw_Pitch_Roll,DAQ-IMU,Yaw,0,21,0.00024416,0,-180,180,deg,200,float
,IMU_Yaw_Pitch_Roll,DAQ-IMU,Pitch,21,21,0.00012208,0,-90,90,deg,200,float
,IMU_Yaw_Pitch_Roll,DAQ-IMU,Roll,42,21,0.00024416,0,-180,180,deg,200,float
0x552,IMU_Angular_Rate,DAQ-IMU,X_Axis_Angular_Rate,0,21,0.00012208,0,-35,35,rad/s,200,float
,IMU_Angular_Rate,DAQ-IMU,Y_Axis_Angular_Rate,21,21,0.00012208,0,-35,35,rad/s,200,float
,IMU_Angular_Rate,DAQ-IMU,Z_Axis_Angular_Rate,42,21,0.00012208,0,-35,35,rad/s,200,float
0x553,IMU_Position_INS,DAQ-IMU,Position_Latitude,0,21,0.00012208,0,-90,90,deg,200,double
,IMU_Position_INS,DAQ-IMU,Position_Longitude,21,21,0.00012208,0,-90,-90,deg,200,double
,IMU_Position_INS,DAQ-IMU,Position_Altutude,42,21,0.00781312,0,-430,10000,m,200,double
0x554,IMU_Velocity,DAQ-IMU,X_Axis_Velocity,0,21,0.00048832,0,-500,500,m/s,200,float
,IMU_Velocity,DAQ-IMU,Y_Axis_Velocity,21,21,0.00048832,0,-500,500,m/s,200,float
,IMU_Velocity,DAQ-IMU,Z_Axis_Velocity,42,21,0.00048832,0,-500,500,m/s,200,float
0x555,IMU_Mag,DAQ-IMU,X_Axis_Magnetometer,0,21,0.00012208,0,-2.5,2.5,Gauss,200,float
,IMU_Mag,DAQ-IMU,Y_Axis_Magnetometer,21,21,0.00012208,0,-2.5,2.5,Gauss,200,float
,IMU_Mag,DAQ-IMU,Z_Axis_Magnetometer,42,21,0.00012208,0,-2.5,2.5,Gauss,200,float
0x556,IMU_Pres_Temp,DAQ-IMU,Temperature,0,21,0.00012208,0,-40,85,degC,200,float
,IMU_Pres_Temp,DAQ-IMU,Pressure,21,21,0.00012208,0,0,120,kPa,200,float
0x557,IMU_Acceleration_No_G,DAQ-IMU,No_G_X_Axis_Acceleration,0,21,0.00012208,0,-160,160,m/s^2,10,float
,IMU_Acceleration_No_G,DAQ-IMU,No_G_Y_Axis_Acceleration,21,21,0.00012208,0,-160,160,m/s^2,10,float
,IMU_Acceleration_No_G,DAQ-IMU,No_G_Z_Axis_Acceleration,42,21,0.00012208,0,-160,160,m/s^2,10,float
0x558,IMU_INS_Status,DAQ-IMU,INS_Mode,0,8,1,0,0,3,"0 = Not tracking, 1 = Aligning, 2 = Tracking, 3 = Loss of GNSS",200,uint8_t
,IMU_INS_Status,DAQ-IMU,GNSS_Fix,8,8,1,0,0,1,Refer to pg 162 of VN-300 Extended,200,uint8_t
,IMU_INS_Status,DAQ-IMU,INS_Error,16,8,1,0,0,15,Refer to pg 162 of VN-300 Extended,200,uint8_t
,IMU_INS_Status,DAQ-IMU,GNSS_Heading_INS,24,8,1,0,0,1,Refer to pg 162 of VN-300 Extended,200,uint8_t
,IMU_INS_Status,DAQ-IMU,GNSS_Compass,32,8,1,0,0,1,Refer to pg 162 of VN-300 Extended,200,uint8_t
0x559,IMU_UTC_Time,DAQ-IMU,UTC_Year,0,8,1,0,2000,255,years,50,int8_t
,IMU_UTC_Time,DAQ-IMU,UTC_Month,8,8,1,0,0,12,months,50,uint8_t
,IMU_UTC_Time,DAQ-IMU,UTC_Day,16,8,1,0,0,31,days,50,uint8_t
,IMU_UTC_Time,DAQ-IMU,UTC_Hour,24,8,1,0,0,23,hours,50,uint8_t
,IMU_UTC_Time,DAQ-IMU,UTC_Minutes,32,8,1,0,0,59,minutes,50,uint8_t
,IMU_UTC_Time,DAQ-IMU,UTC_Seconds,40,8,1,0,0,59,seconds,50,uint8_t
,IMU_UTC_Time,DAQ-IMU,UTC_Milliseconds,48,16,1,0,0,999,milliseconds ,50,uint16_t
0x520,Telemetry_RTC_Time,DAQ-Telemetry,RTC_Hour,0,8,1,0,0,23,hours,1000,uint8_t
,Telemetry_RTC_Time,DAQ-Telemetry,RTC_Minute,8,8,1,0,0,59,minutes,1000,uint8_t
,Telemetry_RTC_Time,DAQ-Telemetry,RTC_Second,16,8,1,0,0,59,seconds,1000,uint8_t
,Telemetry_RTC_Time,DAQ-Telemetry,RTC_Subsecond,24,32,1,0,0,999,millisconds,1000,uint32_t
0x521,Telemetry_RTC_Date,DAQ-Telemetry,RTC_Year,0,8,1,0,0,99,,1000,uint8_t
,Telemetry_RTC_Date,DAQ-Telemetry,RTC_Month,8,8,1,0,1,12,,1000,uint8_t
,Telemetry_RTC_Date,DAQ-Telemetry,RTC_Day,16,8,1,0,1,31,,1000,uint8_t
,Telemetry_RTC_Date,DAQ-Telemetry,RTC_Weekday,24,8,1,0,1,7,,1000,uint8_t
0x522,Telemetry_Odometer,DAQ-Telemetry,Miles_Driven,0,32,1,0,0,,mi,100,float
0x523,Telemetry_Status,DAQ-Telemetry,Log_File,0,16,1,0,0,9999,,1000,uint16_t
,Telemetry_Status,DAQ-Telemetry,Logging_Status,16,8,1,0,0,4,"0x00: OK
0x01: CARD_NOT_DETECTED
0x02: MOUNT_ERROR
0x03: CARD_FULL
0x04: SDIO_COMMS_ERROR",1000,uint8_t
,Telemetry_Status,DAQ-Telemetry,Wireless_Hardware_Status,24,8,1,0,0,3,"0x00: OK
0x01: INIT_FAILED
0x02: SPI_ERROR
0x03: FAULT",,uint8_t
,Telemetry_Status,DAQ-Telemetry,Wireless_Protocol_State,32,8,1,0,0,2,"0x00: UNCONNECTED
0x01: HANDSHAKE_PENDING
0x02: CONNECTED",1000,uint8_t
0x524,Telemetry_Active_Aero,DAQ-Telemetry,Servo_Angle,0,8,1,0,0,180,degrees,,uint8_t
0x560,Aero_Strain_Gauge1,DAQ-Strain-Gauge,Strain_Gauge_1,0,32,0.0001,0,-100,100,Newtons,10,float
,Aero_Strain_Gauge1,DAQ-Strain-Gauge,Strain_Gauge_2,32,32,0.0001,0,-100,100,Newtons,10,float
0x561,Aero_Strain_Gauge2,DAQ-Strain-Gauge,Strain_Gauge_3,0,32,0.0001,0,-100,100,Newtons,10,float
,Aero_Strain_Gauge2,DAQ-Strain-Gauge,Strain_Gauge_4,32,32,0.0001,0,-100,100,Newtons,10,float
0x562,Aero_Strain_Gauge3,DAQ-Strain-Gauge,Strain_Gauge_5,0,32,0.0001,0,-100,100,Newtons,10,float
,Aero_Strain_Gauge3,DAQ-Strain-Gauge,Strain_Gauge_6,32,32,0.0001,0,-100,100,Newtons,10,float
0x140,BMS_OWC_C_1,BMS,OWC_Cell_1,0,1,1,0,,,,30000,bool
,BMS_OWC_C_1,BMS,OWC_Cell_2,1,1,1,0,,,,30000,bool
,BMS_OWC_C_1,BMS,OWC_Cell_3,2,1,1,0,,,,30000,bool
,BMS_OWC_C_1,BMS,OWC_Cell_4,3,1,1,0,,,,30000,bool
,BMS_OWC_C_1,BMS,OWC_Cell_5,4,1,1,0,,,,30000,bool
,BMS_OWC_C_1,BMS,OWC_Cell_6,5,1,1,0,,,,30000,bool
,BMS_OWC_C_1,BMS,OWC_Cell_7,6,1,1,0,,,,30000,bool
,BMS_OWC_C_1,BMS,OWC_Cell_8,7,1,1,0,,,,30000,bool
,BMS_OWC_C_1,BMS,OWC_Cell_9,8,1,1,0,,,,30000,bool
,BMS_OWC_C_1,BMS,OWC_Cell_10,9,1,1,0,,,,30000,bool
,BMS_OWC_C_1,BMS,OWC_Cell_11,10,1,1,0,,,,30000,bool
,BMS_OWC_C_1,BMS,OWC_Cell_12,11,1,1,0,,,,30000,bool
,BMS_OWC_C_1,BMS,OWC_Cell_13,12,1,1,0,,,,30000,bool
,BMS_OWC_C_1,BMS,OWC_Cell_14,13,1,1,0,,,,30000,bool
,BMS_OWC_C_1,BMS,OWC_Cell_15,14,1,1,0,,,,30000,bool
,BMS_OWC_C_1,BMS,OWC_Cell_16,15,1,1,0,,,,30000,bool
,BMS_OWC_C_1,BMS,OWC_Cell_17,16,1,1,0,,,,30000,bool
,BMS_OWC_C_1,BMS,OWC_Cell_18,17,1,1,0,,,,30000,bool
,BMS_OWC_C_1,BMS,OWC_Cell_19,18,1,1,0,,,,30000,bool
,BMS_OWC_C_1,BMS,OWC_Cell_20,19,1,1,0,,,,30000,bool
,BMS_OWC_C_1,BMS,OWC_Cell_21,20,1,1,0,,,,30000,bool
,BMS_OWC_C_1,BMS,OWC_Cell_22,21,1,1,0,,,,30000,bool
,BMS_OWC_C_1,BMS,OWC_Cell_23,22,1,1,0,,,,30000,bool
,BMS_OWC_C_1,BMS,OWC_Cell_24,23,1,1,0,,,,30000,bool
,BMS_OWC_C_1,BMS,OWC_Cell_25,24,1,1,0,,,,30000,bool
,BMS_OWC_C_1,BMS,OWC_Cell_26,25,1,1,0,,,,30000,bool
,BMS_OWC_C_1,BMS,OWC_Cell_27,26,1,1,0,,,,30000,bool
,BMS_OWC_C_1,BMS,OWC_Cell_28,27,1,1,0,,,,30000,bool
,BMS_OWC_C_1,BMS,OWC_Cell_29,28,1,1,0,,,,30000,bool
,BMS_OWC_C_1,BMS,OWC_Cell_30,29,1,1,0,,,,30000,bool
,BMS_OWC_C_1,BMS,OWC_Cell_31,30,1,1,0,,,,30000,bool
,BMS_OWC_C_1,BMS,OWC_Cell_32,31,1,1,0,,,,30000,bool
,BMS_OWC_C_1,BMS,OWC_Cell_33,32,1,1,0,,,,30000,bool
,BMS_OWC_C_1,BMS,OWC_Cell_34,33,1,1,0,,,,30000,bool
,BMS_OWC_C_1,BMS,OWC_Cell_35,34,1,1,0,,,,30000,bool
,BMS_OWC_C_1,BMS,OWC_Cell_36,35,1,1,0,,,,30000,bool
,BMS_OWC_C_1,BMS,OWC_Cell_37,36,1,1,0,,,,30000,bool
,BMS_OWC_C_1,BMS,OWC_Cell_38,37,1,1,0,,,,30000,bool
,BMS_OWC_C_1,BMS,OWC_Cell_39,38,1,1,0,,,,30000,bool
,BMS_OWC_C_1,BMS,OWC_Cell_40,39,1,1,0,,,,30000,bool
,BMS_OWC_C_1,BMS,OWC_Cell_41,40,1,1,0,,,,30000,bool
,BMS_OWC_C_1,BMS,OWC_Cell_42,41,1,1,0,,,,30000,bool
,BMS_OWC_C_1,BMS,OWC_Cell_43,42,1,1,0,,,,30000,bool
,BMS_OWC_C_1,BMS,OWC_Cell_44,43,1,1,0,,,,30000,bool
,BMS_OWC_C_1,BMS,OWC_Cell_45,44,1,1,0,,,,30000,bool
,BMS_OWC_C_1,BMS,OWC_Cell_46,45,1,1,0,,,,30000,bool
,BMS_OWC_C_1,BMS,OWC_Cell_47,46,1,1,0,,,,30000,bool
,BMS_OWC_C_1,BMS,OWC_Cell_48,47,1,1,0,,,,30000,bool
,BMS_OWC_C_1,BMS,OWC_Cell_49,48,1,1,0,,,,30000,bool
,BMS_OWC_C_1,BMS,OWC_Cell_50,49,1,1,0,,,,30000,bool
,BMS_OWC_C_1,BMS,OWC_Cell_51,50,1,1,0,,,,30000,bool
,BMS_OWC_C_1,BMS,OWC_Cell_52,51,1,1,0,,,,30000,bool
,BMS_OWC_C_1,BMS,OWC_Cell_53,52,1,1,0,,,,30000,bool
,BMS_OWC_C_1,BMS,OWC_Cell_54,53,1,1,0,,,,30000,bool
,BMS_OWC_C_1,BMS,OWC_Cell_55,54,1,1,0,,,,30000,bool
,BMS_OWC_C_1,BMS,OWC_Cell_56,55,1,1,0,,,,30000,bool
,BMS_OWC_C_1,BMS,OWC_Cell_57,56,1,1,0,,,,30000,bool
,BMS_OWC_C_1,BMS,OWC_Cell_58,57,1,1,0,,,,30000,bool
,BMS_OWC_C_1,BMS,OWC_Cell_59,58,1,1,0,,,,30000,bool
,BMS_OWC_C_1,BMS,OWC_Cell_60,59,1,1,0,,,,30000,bool
,BMS_OWC_C_1,BMS,OWC_Cell_61,60,1,1,0,,,,30000,bool
,BMS_OWC_C_1,BMS,OWC_Cell_62,61,1,1,0,,,,30000,bool
,BMS_OWC_C_1,BMS,OWC_Cell_63,62,1,1,0,,,,30000,bool
,BMS_OWC_C_1,BMS,OWC_Cell_64,63,1,1,0,,,,30000,bool
0x141,BMS_OWC_C_2,BMS,OWC_Cell_65,0,1,1,0,,,,30000,bool
,BMS_OWC_C_2,BMS,OWC_Cell_66,1,1,1,0,,,,30000,bool
,BMS_OWC_C_2,BMS,OWC_Cell_67,2,1,1,0,,,,30000,bool
,BMS_OWC_C_2,BMS,OWC_Cell_68,3,1,1,0,,,,30000,bool
,BMS_OWC_C_2,BMS,OWC_Cell_69,4,1,1,0,,,,30000,bool
,BMS_OWC_C_2,BMS,OWC_Cell_70,5,1,1,0,,,,30000,bool
,BMS_OWC_C_2,BMS,OWC_Cell_71,6,1,1,0,,,,30000,bool
,BMS_OWC_C_2,BMS,OWC_Cell_72,7,1,1,0,,,,30000,bool
,BMS_OWC_C_2,BMS,OWC_Cell_73,8,1,1,0,,,,30000,bool
,BMS_OWC_C_2,BMS,OWC_Cell_74,9,1,1,0,,,,30000,bool
,BMS_OWC_C_2,BMS,OWC_Cell_75,10,1,1,0,,,,30000,bool
,BMS_OWC_C_2,BMS,OWC_Cell_76,11,1,1,0,,,,30000,bool
,BMS_OWC_C_2,BMS,OWC_Cell_77,12,1,1,0,,,,30000,bool
,BMS_OWC_C_2,BMS,OWC_Cell_78,13,1,1,0,,,,30000,bool
,BMS_OWC_C_2,BMS,OWC_Cell_79,14,1,1,0,,,,30000,bool
,BMS_OWC_C_2,BMS,OWC_Cell_80,15,1,1,0,,,,30000,bool
,BMS_OWC_C_2,BMS,OWC_Cell_81,16,1,1,0,,,,30000,bool
,BMS_OWC_C_2,BMS,OWC_Cell_82,17,1,1,0,,,,30000,bool
,BMS_OWC_C_2,BMS,OWC_Cell_83,18,1,1,0,,,,30000,bool
,BMS_OWC_C_2,BMS,OWC_Cell_84,19,1,1,0,,,,30000,bool
,BMS_OWC_C_2,BMS,OWC_Cell_85,20,1,1,0,,,,30000,bool
,BMS_OWC_C_2,BMS,OWC_Cell_86,21,1,1,0,,,,30000,bool
,BMS_OWC_C_2,BMS,OWC_Cell_87,22,1,1,0,,,,30000,bool
,BMS_OWC_C_2,BMS,OWC_Cell_88,23,1,1,0,,,,30000,bool
,BMS_OWC_C_2,BMS,OWC_Cell_89,24,1,1,0,,,,30000,bool
,BMS_OWC_C_2,BMS,OWC_Cell_90,25,1,1,0,,,,30000,bool
,BMS_OWC_C_2,BMS,OWC_Cell_91,26,1,1,0,,,,30000,bool
,BMS_OWC_C_2,BMS,OWC_Cell_92,27,1,1,0,,,,30000,bool
,BMS_OWC_C_2,BMS,OWC_Cell_93,28,1,1,0,,,,30000,bool
,BMS_OWC_C_2,BMS,OWC_Cell_94,29,1,1,0,,,,30000,bool
,BMS_OWC_C_2,BMS,OWC_Cell_95,30,1,1,0,,,,30000,bool
,BMS_OWC_C_2,BMS,OWC_Cell_96,31,1,1,0,,,,30000,bool
,BMS_OWC_C_2,BMS,OWC_Cell_97,32,1,1,0,,,,30000,bool
,BMS_OWC_C_2,BMS,OWC_Cell_98,33,1,1,0,,,,30000,bool
,BMS_OWC_C_2,BMS,OWC_Cell_99,34,1,1,0,,,,30000,bool
,BMS_OWC_C_2,BMS,OWC_Cell_100,35,1,1,0,,,,30000,bool
,BMS_OWC_C_2,BMS,OWC_Cell_101,36,1,1,0,,,,30000,bool
,BMS_OWC_C_2,BMS,OWC_Cell_102,37,1,1,0,,,,30000,bool
,BMS_OWC_C_2,BMS,OWC_Cell_103,38,1,1,0,,,,30000,bool
,BMS_OWC_C_2,BMS,OWC_Cell_104,39,1,1,0,,,,30000,bool
,BMS_OWC_C_2,BMS,OWC_Cell_105,40,1,1,0,,,,30000,bool
,BMS_OWC_C_2,BMS,OWC_Cell_106,41,1,1,0,,,,30000,bool
,BMS_OWC_C_2,BMS,OWC_Cell_107,42,1,1,0,,,,30000,bool
,BMS_OWC_C_2,BMS,OWC_Cell_108,43,1,1,0,,,,30000,bool
,BMS_OWC_C_2,BMS,OWC_Cell_109,44,1,1,0,,,,30000,bool
,BMS_OWC_C_2,BMS,OWC_Cell_110,45,1,1,0,,,,30000,bool
,BMS_OWC_C_2,BMS,OWC_Cell_111,46,1,1,0,,,,30000,bool
,BMS_OWC_C_2,BMS,OWC_Cell_112,47,1,1,0,,,,30000,bool
,BMS_OWC_C_2,BMS,OWC_Cell_113,48,1,1,0,,,,30000,bool
,BMS_OWC_C_2,BMS,OWC_Cell_114,49,1,1,0,,,,30000,bool
,BMS_OWC_C_2,BMS,OWC_Cell_115,50,1,1,0,,,,30000,bool
0x142,BMS_OWC_S_1,BMS,OWC_Cell_1,0,1,1,0,,,,30000,bool
,BMS_OWC_S_1,BMS,OWC_Cell_2,1,1,1,0,,,,30000,bool
,BMS_OWC_S_1,BMS,OWC_Cell_3,2,1,1,0,,,,30000,bool
,BMS_OWC_S_1,BMS,OWC_Cell_4,3,1,1,0,,,,30000,bool
,BMS_OWC_S_1,BMS,OWC_Cell_5,4,1,1,0,,,,30000,bool
,BMS_OWC_S_1,BMS,OWC_Cell_6,5,1,1,0,,,,30000,bool
,BMS_OWC_S_1,BMS,OWC_Cell_7,6,1,1,0,,,,30000,bool
,BMS_OWC_S_1,BMS,OWC_Cell_8,7,1,1,0,,,,30000,bool
,BMS_OWC_S_1,BMS,OWC_Cell_9,8,1,1,0,,,,30000,bool
,BMS_OWC_S_1,BMS,OWC_Cell_10,9,1,1,0,,,,30000,bool
,BMS_OWC_S_1,BMS,OWC_Cell_11,10,1,1,0,,,,30000,bool
,BMS_OWC_S_1,BMS,OWC_Cell_12,11,1,1,0,,,,30000,bool
,BMS_OWC_S_1,BMS,OWC_Cell_13,12,1,1,0,,,,30000,bool
,BMS_OWC_S_1,BMS,OWC_Cell_14,13,1,1,0,,,,30000,bool
,BMS_OWC_S_1,BMS,OWC_Cell_15,14,1,1,0,,,,30000,bool
,BMS_OWC_S_1,BMS,OWC_Cell_16,15,1,1,0,,,,30000,bool
,BMS_OWC_S_1,BMS,OWC_Cell_17,16,1,1,0,,,,30000,bool
,BMS_OWC_S_1,BMS,OWC_Cell_18,17,1,1,0,,,,30000,bool
,BMS_OWC_S_1,BMS,OWC_Cell_19,18,1,1,0,,,,30000,bool
,BMS_OWC_S_1,BMS,OWC_Cell_20,19,1,1,0,,,,30000,bool
,BMS_OWC_S_1,BMS,OWC_Cell_21,20,1,1,0,,,,30000,bool
,BMS_OWC_S_1,BMS,OWC_Cell_22,21,1,1,0,,,,30000,bool
,BMS_OWC_S_1,BMS,OWC_Cell_23,22,1,1,0,,,,30000,bool
,BMS_OWC_S_1,BMS,OWC_Cell_24,23,1,1,0,,,,30000,bool
,BMS_OWC_S_1,BMS,OWC_Cell_25,24,1,1,0,,,,30000,bool
,BMS_OWC_S_1,BMS,OWC_Cell_26,25,1,1,0,,,,30000,bool
,BMS_OWC_S_1,BMS,OWC_Cell_27,26,1,1,0,,,,30000,bool
,BMS_OWC_S_1,BMS,OWC_Cell_28,27,1,1,0,,,,30000,bool
,BMS_OWC_S_1,BMS,OWC_Cell_29,28,1,1,0,,,,30000,bool
,BMS_OWC_S_1,BMS,OWC_Cell_30,29,1,1,0,,,,30000,bool
,BMS_OWC_S_1,BMS,OWC_Cell_31,30,1,1,0,,,,30000,bool
,BMS_OWC_S_1,BMS,OWC_Cell_32,31,1,1,0,,,,30000,bool
,BMS_OWC_S_1,BMS,OWC_Cell_33,32,1,1,0,,,,30000,bool
,BMS_OWC_S_1,BMS,OWC_Cell_34,33,1,1,0,,,,30000,bool
,BMS_OWC_S_1,BMS,OWC_Cell_35,34,1,1,0,,,,30000,bool
,BMS_OWC_S_1,BMS,OWC_Cell_36,35,1,1,0,,,,30000,bool
,BMS_OWC_S_1,BMS,OWC_Cell_37,36,1,1,0,,,,30000,bool
,BMS_OWC_S_1,BMS,OWC_Cell_38,37,1,1,0,,,,30000,bool
,BMS_OWC_S_1,BMS,OWC_Cell_39,38,1,1,0,,,,30000,bool
,BMS_OWC_S_1,BMS,OWC_Cell_40,39,1,1,0,,,,30000,bool
,BMS_OWC_S_1,BMS,OWC_Cell_41,40,1,1,0,,,,30000,bool
,BMS_OWC_S_1,BMS,OWC_Cell_42,41,1,1,0,,,,30000,bool
,BMS_OWC_S_1,BMS,OWC_Cell_43,42,1,1,0,,,,30000,bool
,BMS_OWC_S_1,BMS,OWC_Cell_44,43,1,1,0,,,,30000,bool
,BMS_OWC_S_1,BMS,OWC_Cell_45,44,1,1,0,,,,30000,bool
,BMS_OWC_S_1,BMS,OWC_Cell_46,45,1,1,0,,,,30000,bool
,BMS_OWC_S_1,BMS,OWC_Cell_47,46,1,1,0,,,,30000,bool
,BMS_OWC_S_1,BMS,OWC_Cell_48,47,1,1,0,,,,30000,bool
,BMS_OWC_S_1,BMS,OWC_Cell_49,48,1,1,0,,,,30000,bool
,BMS_OWC_S_1,BMS,OWC_Cell_50,49,1,1,0,,,,30000,bool
,BMS_OWC_S_1,BMS,OWC_Cell_51,50,1,1,0,,,,30000,bool
,BMS_OWC_S_1,BMS,OWC_Cell_52,51,1,1,0,,,,30000,bool
,BMS_OWC_S_1,BMS,OWC_Cell_53,52,1,1,0,,,,30000,bool
,BMS_OWC_S_1,BMS,OWC_Cell_54,53,1,1,0,,,,30000,bool
,BMS_OWC_S_1,BMS,OWC_Cell_55,54,1,1,0,,,,30000,bool
,BMS_OWC_S_1,BMS,OWC_Cell_56,55,1,1,0,,,,30000,bool
,BMS_OWC_S_1,BMS,OWC_Cell_57,56,1,1,0,,,,30000,bool
,BMS_OWC_S_1,BMS,OWC_Cell_58,57,1,1,0,,,,30000,bool
,BMS_OWC_S_1,BMS,OWC_Cell_59,58,1,1,0,,,,30000,bool
,BMS_OWC_S_1,BMS,OWC_Cell_60,59,1,1,0,,,,30000,bool
,BMS_OWC_S_1,BMS,OWC_Cell_61,60,1,1,0,,,,30000,bool
,BMS_OWC_S_1,BMS,OWC_Cell_62,61,1,1,0,,,,30000,bool
,BMS_OWC_S_1,BMS,OWC_Cell_63,62,1,1,0,,,,30000,bool
,BMS_OWC_S_1,BMS,OWC_Cell_64,63,1,1,0,,,,30000,bool
0x143,BMS_OWC_S_2,BMS,OWC_Cell_65,0,1,1,0,,,,30000,bool
,BMS_OWC_S_2,BMS,OWC_Cell_66,1,1,1,0,,,,30000,bool
,BMS_OWC_S_2,BMS,OWC_Cell_67,2,1,1,0,,,,30000,bool
,BMS_OWC_S_2,BMS,OWC_Cell_68,3,1,1,0,,,,30000,bool
,BMS_OWC_S_2,BMS,OWC_Cell_69,4,1,1,0,,,,30000,bool
,BMS_OWC_S_2,BMS,OWC_Cell_70,5,1,1,0,,,,30000,bool
,BMS_OWC_S_2,BMS,OWC_Cell_71,6,1,1,0,,,,30000,bool
,BMS_OWC_S_2,BMS,OWC_Cell_72,7,1,1,0,,,,30000,bool
,BMS_OWC_S_2,BMS,OWC_Cell_73,8,1,1,0,,,,30000,bool
,BMS_OWC_S_2,BMS,OWC_Cell_74,9,1,1,0,,,,30000,bool
,BMS_OWC_S_2,BMS,OWC_Cell_75,10,1,1,0,,,,30000,bool
,BMS_OWC_S_2,BMS,OWC_Cell_76,11,1,1,0,,,,30000,bool
,BMS_OWC_S_2,BMS,OWC_Cell_77,12,1,1,0,,,,30000,bool
,BMS_OWC_S_2,BMS,OWC_Cell_78,13,1,1,0,,,,30000,bool
,BMS_OWC_S_2,BMS,OWC_Cell_79,14,1,1,0,,,,30000,bool
,BMS_OWC_S_2,BMS,OWC_Cell_80,15,1,1,0,,,,30000,bool
,BMS_OWC_S_2,BMS,OWC_Cell_81,16,1,1,0,,,,30000,bool
,BMS_OWC_S_2,BMS,OWC_Cell_82,17,1,1,0,,,,30000,bool
,BMS_OWC_S_2,BMS,OWC_Cell_83,18,1,1,0,,,,30000,bool
,BMS_OWC_S_2,BMS,OWC_Cell_84,19,1,1,0,,,,30000,bool
,BMS_OWC_S_2,BMS,OWC_Cell_85,20,1,1,0,,,,30000,bool
,BMS_OWC_S_2,BMS,OWC_Cell_86,21,1,1,0,,,,30000,bool
,BMS_OWC_S_2,BMS,OWC_Cell_87,22,1,1,0,,,,30000,bool
,BMS_OWC_S_2,BMS,OWC_Cell_88,23,1,1,0,,,,30000,bool
,BMS_OWC_S_2,BMS,OWC_Cell_89,24,1,1,0,,,,30000,bool
,BMS_OWC_S_2,BMS,OWC_Cell_90,25,1,1,0,,,,30000,bool
,BMS_OWC_S_2,BMS,OWC_Cell_91,26,1,1,0,,,,30000,bool
,BMS_OWC_S_2,BMS,OWC_Cell_92,27,1,1,0,,,,30000,bool
,BMS_OWC_S_2,BMS,OWC_Cell_93,28,1,1,0,,,,30000,bool
,BMS_OWC_S_2,BMS,OWC_Cell_94,29,1,1,0,,,,30000,bool
,BMS_OWC_S_2,BMS,OWC_Cell_95,30,1,1,0,,,,30000,bool
,BMS_OWC_S_2,BMS,OWC_Cell_96,31,1,1,0,,,,30000,bool
,BMS_OWC_S_2,BMS,OWC_Cell_97,32,1,1,0,,,,30000,bool
,BMS_OWC_S_2,BMS,OWC_Cell_98,33,1,1,0,,,,30000,bool
,BMS_OWC_S_2,BMS,OWC_Cell_99,34,1,1,0,,,,30000,bool
,BMS_OWC_S_2,BMS,OWC_Cell_100,35,1,1,0,,,,30000,bool
,BMS_OWC_S_2,BMS,OWC_Cell_101,36,1,1,0,,,,30000,bool
,BMS_OWC_S_2,BMS,OWC_Cell_102,37,1,1,0,,,,30000,bool
,BMS_OWC_S_2,BMS,OWC_Cell_103,38,1,1,0,,,,30000,bool
,BMS_OWC_S_2,BMS,OWC_Cell_104,39,1,1,0,,,,30000,bool
,BMS_OWC_S_2,BMS,OWC_Cell_105,40,1,1,0,,,,30000,bool
,BMS_OWC_S_2,BMS,OWC_Cell_106,41,1,1,0,,,,30000,bool
,BMS_OWC_S_2,BMS,OWC_Cell_107,42,1,1,0,,,,30000,bool
,BMS_OWC_S_2,BMS,OWC_Cell_108,43,1,1,0,,,,30000,bool
,BMS_OWC_S_2,BMS,OWC_Cell_109,44,1,1,0,,,,30000,bool
,BMS_OWC_S_2,BMS,OWC_Cell_110,45,1,1,0,,,,30000,bool
,BMS_OWC_S_2,BMS,OWC_Cell_111,46,1,1,0,,,,30000,bool
,BMS_OWC_S_2,BMS,OWC_Cell_112,47,1,1,0,,,,30000,bool
,BMS_OWC_S_2,BMS,OWC_Cell_113,48,1,1,0,,,,30000,bool
,BMS_OWC_S_2,BMS,OWC_Cell_114,49,1,1,0,,,,30000,bool
,BMS_OWC_S_2,BMS,OWC_Cell_115,50,1,1,0,,,,30000,bool